Zone, Tile_no, Seg_no, Reso, Seg_d_size, Seg_d_time, Bitrate, Bitrate1, Buf_lev, Buf_limit, Elapsed, Ref_vp, Local_avg,QoE,QoE1,Z1,Z2,Z3,delay,jitter,loss
Z1,0,1,720,9960.0,0.173137,57526.69851,57568.0,1.0,2,6.2e-05,57526.69851,57526.69851,5545186.706850999,16656200.6553642,634362.7064236,17003776.041181598,128113915.5263136,50,0,3
Z2,0,1,720,8952.0,0.174115,51414.29515,51448.0,1.0,2,6.2e-05,25707.147575,25707.147575,5545186.706850999,16656200.6553642,634362.7064236,17003776.041181598,128113915.5263136,50,0,3
Z2,1,1,720,5424.0,0.050994,106365.454759,108480.0,1.0,2,6.2e-05,35455.151586,35455.151586,5545186.706850999,16656200.6553642,634362.7064236,17003776.041181598,128113915.5263136,50,0,3
Z2,2,1,720,7080.0,0.050933,139006.145328,141600.0,1.0,2,6.2e-05,34751.536332,34751.536332,5545186.706850999,16656200.6553642,634362.7064236,17003776.041181598,128113915.5263136,50,0,3
Z2,3,1,720,18976.0,0.051103,371328.493435,372072.0,1.0,2,6.2e-05,74265.698687,74265.698687,5545186.706850999,16656200.6553642,634362.7064236,17003776.041181598,128113915.5263136,50,0,3
Z2,4,1,720,8720.0,0.051199,170315.826481,170976.0,1.0,2,6.2e-05,34063.165296,34063.165296,5545186.706850999,16656200.6553642,634362.7064236,17003776.041181598,128113915.5263136,50,0,3
Z2,5,1,720,8336.0,0.050967,163556.81127,166720.0,1.0,2,6.2e-05,32711.362254,32711.362254,5545186.706850999,16656200.6553642,634362.7064236,17003776.041181598,128113915.5263136,50,0,3
Z2,6,1,720,6376.0,0.050898,125270.148139,127520.0,1.0,2,6.2e-05,25054.029628,25054.029628,5545186.706850999,16656200.6553642,634362.7064236,17003776.041181598,128113915.5263136,50,0,3
Z2,7,1,720,6872.0,0.050855,135129.289155,137440.0,1.0,2,6.2e-05,27025.857831,27025.857831,5545186.706850999,16656200.6553642,634362.7064236,17003776.041181598,128113915.5263136,50,0,3
Z3,0,1,720,7080.0,0.25261,28027.394007,28088.0,1.0,2,6.2e-05,5605.478801,5605.478801,5545186.706850999,16656200.6553642,634362.7064236,17003776.041181598,128113915.5263136,50,0,3
Z3,1,1,720,7080.0,0.050977,138886.164349,141600.0,1.0,2,6.2e-05,27777.23287,27777.23287,5545186.706850999,16656200.6553642,634362.7064236,17003776.041181598,128113915.5263136,50,0,3
Z3,2,1,720,5664.0,0.051054,110941.356211,111056.0,1.0,2,6.2e-05,22188.271242,22188.271242,5545186.706850999,16656200.6553642,634362.7064236,17003776.041181598,128113915.5263136,50,0,3
Z3,3,1,720,7080.0,0.050974,138894.33829,141600.0,1.0,2,6.2e-05,27778.867658,27778.867658,5545186.706850999,16656200.6553642,634362.7064236,17003776.041181598,128113915.5263136,50,0,3
Z3,4,1,720,7080.0,0.050998,138828.973685,141600.0,1.0,2,6.2e-05,27765.794737,27765.794737,5545186.706850999,16656200.6553642,634362.7064236,17003776.041181598,128113915.5263136,50,0,3
Z3,5,1,720,5664.0,0.050953,111161.266265,113280.0,1.0,2,6.2e-05,22232.253253,22232.253253,5545186.706850999,16656200.6553642,634362.7064236,17003776.041181598,128113915.5263136,50,0,3
Z3,6,1,720,7080.0,0.050943,138978.858724,141600.0,1.0,2,6.2e-05,27795.771745,27795.771745,5545186.706850999,16656200.6553642,634362.7064236,17003776.041181598,128113915.5263136,50,0,3
Z3,7,1,720,7080.0,0.050981,138875.267256,141600.0,1.0,2,6.2e-05,27775.053451,27775.053451,5545186.706850999,16656200.6553642,634362.7064236,17003776.041181598,128113915.5263136,50,0,3
Z3,8,1,720,5664.0,0.050998,111063.178948,113280.0,1.0,2,6.2e-05,22212.63579,22212.63579,5545186.706850999,16656200.6553642,634362.7064236,17003776.041181598,128113915.5263136,50,0,3
Z3,9,1,720,7080.0,0.051015,138782.710967,138816.0,1.0,2,6.2e-05,27756.542193,27756.542193,5545186.706850999,16656200.6553642,634362.7064236,17003776.041181598,128113915.5263136,50,0,3
Z3,10,1,720,12904.0,0.051061,252717.338086,253016.0,1.0,2,6.2e-05,50543.467617,50543.467617,5545186.706850999,16656200.6553642,634362.7064236,17003776.041181598,128113915.5263136,50,0,3
Z3,11,1,720,17344.0,0.051112,339333.228987,340072.0,1.0,2,6.2e-05,67866.645797,67866.645797,5545186.706850999,16656200.6553642,634362.7064236,17003776.041181598,128113915.5263136,50,0,3
Z3,12,1,720,16912.0,0.051081,331082.007008,331600.0,1.0,2,6.2e-05,66216.401402,66216.401402,5545186.706850999,16656200.6553642,634362.7064236,17003776.041181598,128113915.5263136,50,0,3
Z3,13,1,720,13240.0,0.051039,259409.471189,259600.0,1.0,2,6.2e-05,51881.894238,51881.894238,5545186.706850999,16656200.6553642,634362.7064236,17003776.041181598,128113915.5263136,50,0,3
Z3,14,1,720,28328.0,0.051132,554017.0539,555448.0,1.0,2,6.2e-05,110803.41078,110803.41078,5545186.706850999,16656200.6553642,634362.7064236,17003776.041181598,128113915.5263136,50,0,3
Z3,15,1,720,30528.0,0.051051,597990.245049,598584.0,1.0,2,6.2e-05,119598.04901,119598.04901,5545186.706850999,16656200.6553642,634362.7064236,17003776.041181598,128113915.5263136,50,0,3
Z3,16,1,720,16360.0,0.051074,320319.536359,320784.0,1.0,2,6.2e-05,64063.907272,64063.907272,5545186.706850999,16656200.6553642,634362.7064236,17003776.041181598,128113915.5263136,50,0,3
Z3,17,1,720,33216.0,0.051164,649206.473302,651288.0,1.0,2,6.2e-05,129841.29466,129841.29466,5545186.706850999,16656200.6553642,634362.7064236,17003776.041181598,128113915.5263136,50,0,3
Z3,18,1,720,28000.0,0.051086,548095.368594,549016.0,1.0,2,6.2e-05,109619.073719,109619.073719,5545186.706850999,16656200.6553642,634362.7064236,17003776.041181598,128113915.5263136,50,0,3
Z3,19,1,720,15744.0,0.051046,308427.692669,308704.0,1.0,2,6.2e-05,61685.538534,61685.538534,5545186.706850999,16656200.6553642,634362.7064236,17003776.041181598,128113915.5263136,50,0,3
Z3,20,1,720,16024.0,0.050979,314325.506581,320480.0,1.0,2,6.2e-05,62865.101316,62865.101316,5545186.706850999,16656200.6553642,634362.7064236,17003776.041181598,128113915.5263136,50,0,3
Z3,21,1,720,11576.0,0.050937,227261.12649,231520.0,1.0,2,6.2e-05,45452.225298,45452.225298,5545186.706850999,16656200.6553642,634362.7064236,17003776.041181598,128113915.5263136,50,0,3
Z3,22,1,720,10816.0,0.051061,211825.071973,212072.0,1.0,2,6.2e-05,42365.014395,42365.014395,5545186.706850999,16656200.6553642,634362.7064236,17003776.041181598,128113915.5263136,50,0,3
Z3,23,1,720,13224.0,0.051035,259116.29274,259288.0,1.0,2,6.2e-05,51823.258548,51823.258548,5545186.706850999,16656200.6553642,634362.7064236,17003776.041181598,128113915.5263136,50,0,3
Z3,24,1,720,17528.0,0.051118,342892.914433,343680.0,1.0,2,6.2e-05,68578.582887,68578.582887,5545186.706850999,16656200.6553642,634362.7064236,17003776.041181598,128113915.5263136,50,0,3
Z3,25,1,720,23824.0,0.05109,466314.34723,467136.0,1.0,2,6.2e-05,93262.869446,93262.869446,5545186.706850999,16656200.6553642,634362.7064236,17003776.041181598,128113915.5263136,50,0,3
Z3,26,1,720,11024.0,0.051046,215962.073424,216152.0,1.0,2,6.2e-05,43192.414685,43192.414685,5545186.706850999,16656200.6553642,634362.7064236,17003776.041181598,128113915.5263136,50,0,3
Z3,27,1,720,15112.0,0.051076,295872.816979,296312.0,1.0,2,6.2e-05,59174.563396,59174.563396,5545186.706850999,16656200.6553642,634362.7064236,17003776.041181598,128113915.5263136,50,0,3
Z3,28,1,720,24552.0,0.051097,480497.876588,481408.0,1.0,2,6.2e-05,96099.575318,96099.575318,5545186.706850999,16656200.6553642,634362.7064236,17003776.041181598,128113915.5263136,50,0,3
Z3,29,1,720,10824.0,0.051051,212023.270847,212232.0,1.0,2,6.2e-05,42404.654169,42404.654169,5545186.706850999,16656200.6553642,634362.7064236,17003776.041181598,128113915.5263136,50,0,3
Z3,30,1,720,6872.0,0.050929,134932.945866,137440.0,1.0,2,6.2e-05,26986.589173,26986.589173,5545186.706850999,16656200.6553642,634362.7064236,17003776.041181598,128113915.5263136,50,0,3
Z3,31,1,720,6872.0,0.050993,134763.595003,137440.0,1.0,2,6.2e-05,26952.719001,26952.719001,5545186.706850999,16656200.6553642,634362.7064236,17003776.041181598,128113915.5263136,50,0,3
Z3,32,1,720,6376.0,0.050965,125105.464534,127520.0,1.0,2,6.2e-05,25021.092907,25021.092907,5545186.706850999,16656200.6553642,634362.7064236,17003776.041181598,128113915.5263136,50,0,3
Z3,33,1,720,6872.0,0.050973,134816.471465,137440.0,1.0,2,6.2e-05,26963.294293,26963.294293,5545186.706850999,16656200.6553642,634362.7064236,17003776.041181598,128113915.5263136,50,0,3
Z3,34,1,720,6872.0,0.051073,134552.50328,134744.0,1.0,2,6.2e-05,26910.500656,26910.500656,5545186.706850999,16656200.6553642,634362.7064236,17003776.041181598,128113915.5263136,50,0,3
Z3,35,1,720,6376.0,0.050999,125022.059256,127520.0,1.0,2,6.2e-05,25004.411851,25004.411851,5545186.706850999,16656200.6553642,634362.7064236,17003776.041181598,128113915.5263136,50,0,3
Z3,36,1,720,6872.0,0.05098,134797.959984,137440.0,1.0,2,6.2e-05,26959.591997,26959.591997,5545186.706850999,16656200.6553642,634362.7064236,17003776.041181598,128113915.5263136,50,0,3
Z3,37,1,720,6872.0,0.05101,134718.682611,134744.0,1.0,2,6.2e-05,26943.736522,26943.736522,5545186.706850999,16656200.6553642,634362.7064236,17003776.041181598,128113915.5263136,50,0,3
Z3,38,1,720,6376.0,0.051114,124740.775521,125016.0,1.0,2,6.2e-05,24948.155104,24948.155104,5545186.706850999,16656200.6553642,634362.7064236,17003776.041181598,128113915.5263136,50,0,3
Z1,0,2,720,7080.0,0.249036,28429.624633,28432.0,1.0,2,2.902307,30634.080031,30634.080031,5545186.706850999,16656200.6553642,634362.7064236,17003776.041181598,128113915.5263136,50,0,3
Z2,0,2,720,6624.0,0.172536,38391.987759,38504.0,1.0,2,2.902307,32626.552656,32626.552656,5545186.706850999,16656200.6553642,634362.7064236,17003776.041181598,128113915.5263136,50,0,3
Z2,1,2,720,5424.0,0.050749,106878.95328,108480.0,1.0,2,2.902307,46323.94576,46323.94576,5545186.706850999,16656200.6553642,634362.7064236,17003776.041181598,128113915.5263136,50,0,3
Z2,2,2,720,7080.0,0.050852,139227.562338,141600.0,1.0,2,2.902307,52793.667572,52793.667572,5545186.706850999,16656200.6553642,634362.7064236,17003776.041181598,128113915.5263136,50,0,3
Z2,3,2,720,12648.0,0.050889,248540.94205,252960.0,1.0,2,2.902307,74656.343514,74656.343514,5545186.706850999,16656200.6553642,634362.7064236,17003776.041181598,128113915.5263136,50,0,3
Z2,4,2,720,15344.0,0.050887,301530.842848,306880.0,1.0,2,2.902307,85254.323674,85254.323674,5545186.706850999,16656200.6553642,634362.7064236,17003776.041181598,128113915.5263136,50,0,3
Z2,5,2,720,18392.0,0.054718,336123.396323,340592.0,1.0,2,2.902307,92172.834369,92172.834369,5545186.706850999,16656200.6553642,634362.7064236,17003776.041181598,128113915.5263136,50,0,3
Z2,6,2,720,9160.0,0.050865,180084.537501,183200.0,1.0,2,2.902307,60965.062605,60965.062605,5545186.706850999,16656200.6553642,634362.7064236,17003776.041181598,128113915.5263136,50,0,3
Z2,7,2,720,8048.0,0.050812,158387.782414,160960.0,1.0,2,2.902307,56625.711587,56625.711587,5545186.706850999,16656200.6553642,634362.7064236,17003776.041181598,128113915.5263136,50,0,3
Z3,0,2,720,7080.0,0.173268,40861.555509,40920.0,1.0,2,2.902307,33120.466206,33120.466206,5545186.706850999,16656200.6553642,634362.7064236,17003776.041181598,128113915.5263136,50,0,3
Z3,1,2,720,7080.0,0.050865,139191.978767,141600.0,1.0,2,2.902307,52786.550858,52786.550858,5545186.706850999,16656200.6553642,634362.7064236,17003776.041181598,128113915.5263136,50,0,3
Z3,2,2,720,5664.0,0.050857,111371.099357,113280.0,1.0,2,2.902307,47222.374976,47222.374976,5545186.706850999,16656200.6553642,634362.7064236,17003776.041181598,128113915.5263136,50,0,3
Z3,3,2,720,7080.0,0.05094,138987.043581,141600.0,1.0,2,2.902307,52745.56382,52745.56382,5545186.706850999,16656200.6553642,634362.7064236,17003776.041181598,128113915.5263136,50,0,3
Z3,4,2,720,7080.0,0.050876,139161.883796,141600.0,1.0,2,2.902307,52780.531863,52780.531863,5545186.706850999,16656200.6553642,634362.7064236,17003776.041181598,128113915.5263136,50,0,3
Z3,5,2,720,5664.0,0.050865,111353.583014,113280.0,1.0,2,2.902307,47218.871707,47218.871707,5545186.706850999,16656200.6553642,634362.7064236,17003776.041181598,128113915.5263136,50,0,3
Z3,6,2,720,7080.0,0.050817,139323.454749,141600.0,1.0,2,2.902307,52812.846054,52812.846054,5545186.706850999,16656200.6553642,634362.7064236,17003776.041181598,128113915.5263136,50,0,3
Z3,7,2,720,7080.0,0.050802,139364.591945,141600.0,1.0,2,2.902307,52821.073493,52821.073493,5545186.706850999,16656200.6553642,634362.7064236,17003776.041181598,128113915.5263136,50,0,3
Z3,8,2,720,5664.0,0.050805,111485.09005,113280.0,1.0,2,2.902307,47245.173114,47245.173114,5545186.706850999,16656200.6553642,634362.7064236,17003776.041181598,128113915.5263136,50,0,3
Z3,9,2,720,17112.0,0.05093,335990.575299,342240.0,1.0,2,2.902307,92146.270164,92146.270164,5545186.706850999,16656200.6553642,634362.7064236,17003776.041181598,128113915.5263136,50,0,3
Z3,10,2,720,15320.0,0.050808,301527.318533,306400.0,1.0,2,2.902307,85253.618811,85253.618811,5545186.706850999,16656200.6553642,634362.7064236,17003776.041181598,128113915.5263136,50,0,3
Z3,11,2,720,10704.0,0.050865,210439.398408,214080.0,1.0,2,2.902307,67036.034786,67036.034786,5545186.706850999,16656200.6553642,634362.7064236,17003776.041181598,128113915.5263136,50,0,3
Z3,12,2,720,18776.0,0.050864,369141.239383,375520.0,1.0,2,2.902307,98776.402981,98776.402981,5545186.706850999,16656200.6553642,634362.7064236,17003776.041181598,128113915.5263136,50,0,3
Z3,13,2,720,21848.0,0.05094,428896.741264,436960.0,1.0,2,2.902307,110727.503357,110727.503357,5545186.706850999,16656200.6553642,634362.7064236,17003776.041181598,128113915.5263136,50,0,3
Z3,14,2,720,12752.0,0.050842,250816.254278,255040.0,1.0,2,2.902307,75111.40596,75111.40596,5545186.706850999,16656200.6553642,634362.7064236,17003776.041181598,128113915.5263136,50,0,3
Z3,15,2,720,21856.0,0.050882,429542.863881,437120.0,1.0,2,2.902307,110856.727881,110856.727881,5545186.706850999,16656200.6553642,634362.7064236,17003776.041181598,128113915.5263136,50,0,3
Z3,16,2,720,16880.0,0.050897,331650.195493,337600.0,1.0,2,2.902307,91278.194203,91278.194203,5545186.706850999,16656200.6553642,634362.7064236,17003776.041181598,128113915.5263136,50,0,3
Z3,17,2,720,12128.0,0.050966,237962.563277,242560.0,1.0,2,2.902307,72540.66776,72540.66776,5545186.706850999,16656200.6553642,634362.7064236,17003776.041181598,128113915.5263136,50,0,3
Z3,18,2,720,11592.0,0.050865,227897.375405,231840.0,1.0,2,2.902307,70527.630185,70527.630185,5545186.706850999,16656200.6553642,634362.7064236,17003776.041181598,128113915.5263136,50,0,3
Z3,19,2,720,9952.0,0.050965,195271.264593,199040.0,1.0,2,2.902307,64002.408023,64002.408023,5545186.706850999,16656200.6553642,634362.7064236,17003776.041181598,128113915.5263136,50,0,3
Z3,20,2,720,11064.0,0.050982,217017.770978,221280.0,1.0,2,2.902307,68351.7093,68351.7093,5545186.706850999,16656200.6553642,634362.7064236,17003776.041181598,128113915.5263136,50,0,3
Z3,21,2,720,14728.0,0.050909,289300.516608,294560.0,1.0,2,2.902307,82808.258426,82808.258426,5545186.706850999,16656200.6553642,634362.7064236,17003776.041181598,128113915.5263136,50,0,3
Z3,22,2,720,16264.0,0.050999,318908.213887,325280.0,1.0,2,2.902307,88729.797882,88729.797882,5545186.706850999,16656200.6553642,634362.7064236,17003776.041181598,128113915.5263136,50,0,3
Z3,23,2,720,9504.0,0.050948,186543.142027,190080.0,1.0,2,2.902307,62256.78351,62256.78351,5545186.706850999,16656200.6553642,634362.7064236,17003776.041181598,128113915.5263136,50,0,3
Z3,24,2,720,12688.0,0.050932,249116.469018,253760.0,1.0,2,2.902307,74771.448908,74771.448908,5545186.706850999,16656200.6553642,634362.7064236,17003776.041181598,128113915.5263136,50,0,3
Z3,25,2,720,17320.0,0.051001,339601.184291,339600.0,1.0,2,2.902307,92868.391962,92868.391962,5545186.706850999,16656200.6553642,634362.7064236,17003776.041181598,128113915.5263136,50,0,3
Z3,26,2,720,10632.0,0.051019,208392.951645,208464.0,1.0,2,2.902307,66626.745433,66626.745433,5545186.706850999,16656200.6553642,634362.7064236,17003776.041181598,128113915.5263136,50,0,3
Z3,27,2,720,9320.0,0.050987,182791.692,186400.0,1.0,2,2.902307,61506.493504,61506.493504,5545186.706850999,16656200.6553642,634362.7064236,17003776.041181598,128113915.5263136,50,0,3
Z3,28,2,720,6376.0,0.050804,125501.928982,127520.0,1.0,2,2.902307,50048.540901,50048.540901,5545186.706850999,16656200.6553642,634362.7064236,17003776.041181598,128113915.5263136,50,0,3
Z3,29,2,720,6872.0,0.050913,134975.350107,137440.0,1.0,2,2.902307,51943.225126,51943.225126,5545186.706850999,16656200.6553642,634362.7064236,17003776.041181598,128113915.5263136,50,0,3
Z3,30,2,720,6872.0,0.050929,134932.945866,137440.0,1.0,2,2.902307,51934.744277,51934.744277,5545186.706850999,16656200.6553642,634362.7064236,17003776.041181598,128113915.5263136,50,0,3
Z3,31,2,720,6376.0,0.050902,125260.304114,127520.0,1.0,2,2.902307,50000.215927,50000.215927,5545186.706850999,16656200.6553642,634362.7064236,17003776.041181598,128113915.5263136,50,0,3
Z3,32,2,720,6872.0,0.050945,134890.56826,137440.0,1.0,2,2.902307,51926.268756,51926.268756,5545186.706850999,16656200.6553642,634362.7064236,17003776.041181598,128113915.5263136,50,0,3
Z3,33,2,720,6872.0,0.050907,134991.25857,137440.0,1.0,2,2.902307,51946.406818,51946.406818,5545186.706850999,16656200.6553642,634362.7064236,17003776.041181598,128113915.5263136,50,0,3
Z3,34,2,720,6376.0,0.050918,125220.943478,127520.0,1.0,2,2.902307,49992.3438,49992.3438,5545186.706850999,16656200.6553642,634362.7064236,17003776.041181598,128113915.5263136,50,0,3
Z3,35,2,720,6872.0,0.050875,135076.167076,137440.0,1.0,2,2.902307,51963.38852,51963.38852,5545186.706850999,16656200.6553642,634362.7064236,17003776.041181598,128113915.5263136,50,0,3
Z3,36,2,720,6872.0,0.050931,134927.647209,137440.0,1.0,2,2.902307,51933.684546,51933.684546,5545186.706850999,16656200.6553642,634362.7064236,17003776.041181598,128113915.5263136,50,0,3
Z3,37,2,720,6376.0,0.05095,125142.296369,127520.0,1.0,2,2.902307,49976.614378,49976.614378,5545186.706850999,16656200.6553642,634362.7064236,17003776.041181598,128113915.5263136,50,0,3
Z3,38,2,720,6872.0,0.050922,134951.494442,137440.0,1.0,2,2.902307,51938.453993,51938.453993,5545186.706850999,16656200.6553642,634362.7064236,17003776.041181598,128113915.5263136,50,0,3
Z1,0,3,720,9896.0,0.171859,57582.087642,57864.0,1.0,2,5.79871,63454.871521,63454.871521,5545186.706850999,16656200.6553642,634362.7064236,17003776.041181598,128113915.5263136,50,0,3
Z2,0,3,720,6624.0,0.173155,38254.74286,38288.0,1.0,2,5.79871,59589.402565,59589.402565,5545186.706850999,16656200.6553642,634362.7064236,17003776.041181598,128113915.5263136,50,0,3
Z2,1,3,720,5424.0,0.05095,106457.311089,108480.0,1.0,2,5.79871,73229.916211,73229.916211,5545186.706850999,16656200.6553642,634362.7064236,17003776.041181598,128113915.5263136,50,0,3
Z2,2,3,720,7080.0,0.050841,139257.685726,141600.0,1.0,2,5.79871,79789.991138,79789.991138,5545186.706850999,16656200.6553642,634362.7064236,17003776.041181598,128113915.5263136,50,0,3
Z2,3,3,720,18632.0,0.05104,365047.021944,365328.0,1.0,2,5.79871,124947.858381,124947.858381,5545186.706850999,16656200.6553642,634362.7064236,17003776.041181598,128113915.5263136,50,0,3
Z2,4,3,720,9664.0,0.050943,189702.216202,193280.0,1.0,2,5.79871,89878.897233,89878.897233,5545186.706850999,16656200.6553642,634362.7064236,17003776.041181598,128113915.5263136,50,0,3
Z2,5,3,720,8424.0,0.050838,165702.820725,168480.0,1.0,2,5.79871,85079.018138,85079.018138,5545186.706850999,16656200.6553642,634362.7064236,17003776.041181598,128113915.5263136,50,0,3
Z2,6,3,720,6376.0,0.05086,125363.74361,127520.0,1.0,2,5.79871,77011.202715,77011.202715,5545186.706850999,16656200.6553642,634362.7064236,17003776.041181598,128113915.5263136,50,0,3
Z2,7,3,720,6872.0,0.050895,135023.086747,137440.0,1.0,2,5.79871,78943.071342,78943.071342,5545186.706850999,16656200.6553642,634362.7064236,17003776.041181598,128113915.5263136,50,0,3
Z3,0,3,720,7080.0,0.173698,40760.400235,40920.0,1.0,2,5.79871,60090.53404,60090.53404,5545186.706850999,16656200.6553642,634362.7064236,17003776.041181598,128113915.5263136,50,0,3
Z3,1,3,720,7080.0,0.050972,138899.788119,141600.0,1.0,2,5.79871,79718.411617,79718.411617,5545186.706850999,16656200.6553642,634362.7064236,17003776.041181598,128113915.5263136,50,0,3
Z3,2,3,720,5664.0,0.051042,110967.43858,111056.0,1.0,2,5.79871,74131.941709,74131.941709,5545186.706850999,16656200.6553642,634362.7064236,17003776.041181598,128113915.5263136,50,0,3
Z3,3,3,720,7080.0,0.051001,138820.807435,138816.0,1.0,2,5.79871,79702.61548,79702.61548,5545186.706850999,16656200.6553642,634362.7064236,17003776.041181598,128113915.5263136,50,0,3
Z3,4,3,720,7080.0,0.050958,138937.948899,141600.0,1.0,2,5.79871,79726.043773,79726.043773,5545186.706850999,16656200.6553642,634362.7064236,17003776.041181598,128113915.5263136,50,0,3
Z3,5,3,720,5664.0,0.050991,111078.425605,113280.0,1.0,2,5.79871,74154.139114,74154.139114,5545186.706850999,16656200.6553642,634362.7064236,17003776.041181598,128113915.5263136,50,0,3
Z3,6,3,720,7080.0,0.318853,22204.589576,22264.0,1.0,2,5.79871,56379.371908,56379.371908,5545186.706850999,16656200.6553642,634362.7064236,17003776.041181598,128113915.5263136,50,0,3
Z3,7,3,720,7080.0,0.050983,138869.819352,141600.0,1.0,2,5.79871,79712.417863,79712.417863,5545186.706850999,16656200.6553642,634362.7064236,17003776.041181598,128113915.5263136,50,0,3
Z3,8,3,720,5664.0,0.050948,111172.175552,113280.0,1.0,2,5.79871,74172.889103,74172.889103,5545186.706850999,16656200.6553642,634362.7064236,17003776.041181598,128113915.5263136,50,0,3
Z3,9,3,720,7080.0,0.050938,138992.500687,141600.0,1.0,2,5.79871,79736.95413,79736.95413,5545186.706850999,16656200.6553642,634362.7064236,17003776.041181598,128113915.5263136,50,0,3
Z3,10,3,720,14120.0,0.050943,277172.526157,282400.0,1.0,2,5.79871,107372.959224,107372.959224,5545186.706850999,16656200.6553642,634362.7064236,17003776.041181598,128113915.5263136,50,0,3
Z3,11,3,720,17536.0,0.051052,343492.909191,343840.0,1.0,2,5.79871,120637.035831,120637.035831,5545186.706850999,16656200.6553642,634362.7064236,17003776.041181598,128113915.5263136,50,0,3
Z3,12,3,720,16008.0,0.051002,313870.044312,313880.0,1.0,2,5.79871,114712.462855,114712.462855,5545186.706850999,16656200.6553642,634362.7064236,17003776.041181598,128113915.5263136,50,0,3
Z3,13,3,720,10896.0,0.05101,213605.175456,213640.0,1.0,2,5.79871,94659.489084,94659.489084,5545186.706850999,16656200.6553642,634362.7064236,17003776.041181598,128113915.5263136,50,0,3
Z3,14,3,720,19720.0,0.051076,386091.314903,386664.0,1.0,2,5.79871,129156.716973,129156.716973,5545186.706850999,16656200.6553642,634362.7064236,17003776.041181598,128113915.5263136,50,0,3
Z3,15,3,720,20104.0,0.051077,393601.816865,394192.0,1.0,2,5.79871,130658.817366,130658.817366,5545186.706850999,16656200.6553642,634362.7064236,17003776.041181598,128113915.5263136,50,0,3
Z3,16,3,720,12504.0,0.051117,244615.294325,245176.0,1.0,2,5.79871,100861.512858,100861.512858,5545186.706850999,16656200.6553642,634362.7064236,17003776.041181598,128113915.5263136,50,0,3
Z3,17,3,720,23072.0,0.051145,451109.59038,452392.0,1.0,2,5.79871,142160.372069,142160.372069,5545186.706850999,16656200.6553642,634362.7064236,17003776.041181598,128113915.5263136,50,0,3
Z3,18,3,720,18112.0,0.051167,353978.149979,355136.0,1.0,2,5.79871,122734.083989,122734.083989,5545186.706850999,16656200.6553642,634362.7064236,17003776.041181598,128113915.5263136,50,0,3
Z3,19,3,720,12544.0,0.051069,245628.463451,245960.0,1.0,2,5.79871,101064.146683,101064.146683,5545186.706850999,16656200.6553642,634362.7064236,17003776.041181598,128113915.5263136,50,0,3
Z3,20,3,720,15304.0,0.051019,299966.67908,300072.0,1.0,2,5.79871,111931.789809,111931.789809,5545186.706850999,16656200.6553642,634362.7064236,17003776.041181598,128113915.5263136,50,0,3
Z3,21,3,720,12280.0,0.050951,241015.878,245600.0,1.0,2,5.79871,100141.629593,100141.629593,5545186.706850999,16656200.6553642,634362.7064236,17003776.041181598,128113915.5263136,50,0,3
Z3,22,3,720,10368.0,0.051041,203130.816402,203288.0,1.0,2,5.79871,92564.617273,92564.617273,5545186.706850999,16656200.6553642,634362.7064236,17003776.041181598,128113915.5263136,50,0,3
Z3,23,3,720,10520.0,0.051053,206060.368637,206272.0,1.0,2,5.79871,93150.52772,93150.52772,5545186.706850999,16656200.6553642,634362.7064236,17003776.041181598,128113915.5263136,50,0,3
Z3,24,3,720,15288.0,0.051081,299289.363951,299760.0,1.0,2,5.79871,111796.326783,111796.326783,5545186.706850999,16656200.6553642,634362.7064236,17003776.041181598,128113915.5263136,50,0,3
Z3,25,3,720,16344.0,0.051057,320112.815089,320464.0,1.0,2,5.79871,115961.017011,115961.017011,5545186.706850999,16656200.6553642,634362.7064236,17003776.041181598,128113915.5263136,50,0,3
Z3,26,3,720,9016.0,0.216287,41685.353257,41736.0,1.0,2,5.79871,60275.524644,60275.524644,5545186.706850999,16656200.6553642,634362.7064236,17003776.041181598,128113915.5263136,50,0,3
Z3,27,3,720,13800.0,0.051005,270561.709636,270584.0,1.0,2,5.79871,106050.79592,106050.79592,5545186.706850999,16656200.6553642,634362.7064236,17003776.041181598,128113915.5263136,50,0,3
Z3,28,3,720,17664.0,0.051105,345641.32668,346352.0,1.0,2,5.79871,121066.719329,121066.719329,5545186.706850999,16656200.6553642,634362.7064236,17003776.041181598,128113915.5263136,50,0,3
Z3,29,3,720,10240.0,0.051064,200532.664891,200784.0,1.0,2,5.79871,92044.986971,92044.986971,5545186.706850999,16656200.6553642,634362.7064236,17003776.041181598,128113915.5263136,50,0,3
Z3,30,3,720,6872.0,0.050868,135094.755052,137440.0,1.0,2,5.79871,78957.405003,78957.405003,5545186.706850999,16656200.6553642,634362.7064236,17003776.041181598,128113915.5263136,50,0,3
Z3,31,3,720,6872.0,0.051001,134742.45603,134744.0,1.0,2,5.79871,78886.945199,78886.945199,5545186.706850999,16656200.6553642,634362.7064236,17003776.041181598,128113915.5263136,50,0,3
Z3,32,3,720,6376.0,0.050956,125127.561033,127520.0,1.0,2,5.79871,76963.966199,76963.966199,5545186.706850999,16656200.6553642,634362.7064236,17003776.041181598,128113915.5263136,50,0,3
Z3,33,3,720,6872.0,0.050873,135081.477405,137440.0,1.0,2,5.79871,78954.749474,78954.749474,5545186.706850999,16656200.6553642,634362.7064236,17003776.041181598,128113915.5263136,50,0,3
Z3,34,3,720,6872.0,0.050924,134946.194329,137440.0,1.0,2,5.79871,78927.692859,78927.692859,5545186.706850999,16656200.6553642,634362.7064236,17003776.041181598,128113915.5263136,50,0,3
Z3,35,3,720,6376.0,0.050975,125080.922021,127520.0,1.0,2,5.79871,76954.638397,76954.638397,5545186.706850999,16656200.6553642,634362.7064236,17003776.041181598,128113915.5263136,50,0,3
Z3,36,3,720,6872.0,0.050984,134787.384277,137440.0,1.0,2,5.79871,78895.930848,78895.930848,5545186.706850999,16656200.6553642,634362.7064236,17003776.041181598,128113915.5263136,50,0,3
Z3,37,3,720,6872.0,0.05101,134718.682611,134744.0,1.0,2,5.79871,78882.190515,78882.190515,5545186.706850999,16656200.6553642,634362.7064236,17003776.041181598,128113915.5263136,50,0,3
Z3,38,3,720,6376.0,0.050925,125203.730977,127520.0,1.0,2,5.79871,76979.200188,76979.200188,5545186.706850999,16656200.6553642,634362.7064236,17003776.041181598,128113915.5263136,50,0,3
Z1,0,4,720,22592.0,0.177767,127087.704692,127632.0,1.0,2,9.052361,102396.741127,102396.741127,5545186.706850999,16656200.6553642,634362.7064236,17003776.041181598,128113915.5263136,50,0,3
Z2,0,4,720,6624.0,0.173875,38096.333573,38288.0,1.0,2,9.052361,84598.466903,84598.466903,5545186.706850999,16656200.6553642,634362.7064236,17003776.041181598,128113915.5263136,50,0,3
Z2,1,4,720,6648.0,0.050907,130591.077848,132960.0,1.0,2,9.052361,103097.415758,103097.415758,5545186.706850999,16656200.6553642,634362.7064236,17003776.041181598,128113915.5263136,50,0,3
Z2,2,4,720,7200.0,0.05085,141592.920354,144000.0,1.0,2,9.052361,105297.784259,105297.784259,5545186.706850999,16656200.6553642,634362.7064236,17003776.041181598,128113915.5263136,50,0,3
Z2,3,4,720,7296.0,0.050682,143956.434237,145920.0,1.0,2,9.052361,105770.487036,105770.487036,5545186.706850999,16656200.6553642,634362.7064236,17003776.041181598,128113915.5263136,50,0,3
Z2,4,4,720,17272.0,0.051003,338646.74627,338664.0,1.0,2,9.052361,144708.549442,144708.549442,5545186.706850999,16656200.6553642,634362.7064236,17003776.041181598,128113915.5263136,50,0,3
Z2,5,4,720,26240.0,0.050937,515146.160944,524800.0,1.0,2,9.052361,180008.432377,180008.432377,5545186.706850999,16656200.6553642,634362.7064236,17003776.041181598,128113915.5263136,50,0,3
Z2,6,4,720,12720.0,0.05085,250147.492625,254400.0,1.0,2,9.052361,127008.698713,127008.698713,5545186.706850999,16656200.6553642,634362.7064236,17003776.041181598,128113915.5263136,50,0,3
Z2,7,4,720,11496.0,0.050947,225646.259839,229920.0,1.0,2,9.052361,122108.452156,122108.452156,5545186.706850999,16656200.6553642,634362.7064236,17003776.041181598,128113915.5263136,50,0,3
Z3,0,4,720,6448.0,0.173701,37121.260096,37264.0,1.0,2,9.052361,84403.452207,84403.452207,5545186.706850999,16656200.6553642,634362.7064236,17003776.041181598,128113915.5263136,50,0,3
Z3,1,4,720,7448.0,0.050995,146053.53466,148960.0,1.0,2,9.052361,106189.90712,106189.90712,5545186.706850999,16656200.6553642,634362.7064236,17003776.041181598,128113915.5263136,50,0,3
Z3,2,4,720,7424.0,0.05089,145883.277658,148480.0,1.0,2,9.052361,106155.85572,106155.85572,5545186.706850999,16656200.6553642,634362.7064236,17003776.041181598,128113915.5263136,50,0,3
Z3,3,4,720,6648.0,0.050969,130432.223508,132960.0,1.0,2,9.052361,103065.64489,103065.64489,5545186.706850999,16656200.6553642,634362.7064236,17003776.041181598,128113915.5263136,50,0,3
Z3,4,4,720,7224.0,0.050974,141719.307882,144480.0,1.0,2,9.052361,105323.061765,105323.061765,5545186.706850999,16656200.6553642,634362.7064236,17003776.041181598,128113915.5263136,50,0,3
Z3,5,4,720,7240.0,0.050895,142253.659495,144800.0,1.0,2,9.052361,105429.932087,105429.932087,5545186.706850999,16656200.6553642,634362.7064236,17003776.041181598,128113915.5263136,50,0,3
Z3,6,4,720,6648.0,0.050924,130547.482523,132960.0,1.0,2,9.052361,103088.696693,103088.696693,5545186.706850999,16656200.6553642,634362.7064236,17003776.041181598,128113915.5263136,50,0,3
Z3,7,4,720,7232.0,0.050921,142023.919405,144640.0,1.0,2,9.052361,105383.984069,105383.984069,5545186.706850999,16656200.6553642,634362.7064236,17003776.041181598,128113915.5263136,50,0,3
Z3,8,4,720,7296.0,0.050925,143269.513991,145920.0,1.0,2,9.052361,105633.102986,105633.102986,5545186.706850999,16656200.6553642,634362.7064236,17003776.041181598,128113915.5263136,50,0,3
Z3,9,4,720,16456.0,0.050981,322786.920617,329120.0,1.0,2,9.052361,141536.584312,141536.584312,5545186.706850999,16656200.6553642,634362.7064236,17003776.041181598,128113915.5263136,50,0,3
Z3,10,4,720,25392.0,0.051141,496509.649792,497880.0,1.0,2,9.052361,176281.130147,176281.130147,5545186.706850999,16656200.6553642,634362.7064236,17003776.041181598,128113915.5263136,50,0,3
Z3,11,4,720,21592.0,0.050975,423580.186366,431840.0,1.0,2,9.052361,161695.237461,161695.237461,5545186.706850999,16656200.6553642,634362.7064236,17003776.041181598,128113915.5263136,50,0,3
Z3,12,4,720,13528.0,0.050914,265702.950073,270560.0,1.0,2,9.052361,130119.790203,130119.790203,5545186.706850999,16656200.6553642,634362.7064236,17003776.041181598,128113915.5263136,50,0,3
Z3,13,4,720,29512.0,0.050906,579735.198208,590240.0,1.0,2,9.052361,192926.23983,192926.23983,5545186.706850999,16656200.6553642,634362.7064236,17003776.041181598,128113915.5263136,50,0,3
Z3,14,4,720,29688.0,0.051067,581353.907612,582112.0,1.0,2,9.052361,193249.98171,193249.98171,5545186.706850999,16656200.6553642,634362.7064236,17003776.041181598,128113915.5263136,50,0,3
Z3,15,4,720,16760.0,0.050973,328801.522375,335200.0,1.0,2,9.052361,142739.504663,142739.504663,5545186.706850999,16656200.6553642,634362.7064236,17003776.041181598,128113915.5263136,50,0,3
Z3,16,4,720,33128.0,0.051158,647562.453575,649568.0,1.0,2,9.052361,206491.690903,206491.690903,5545186.706850999,16656200.6553642,634362.7064236,17003776.041181598,128113915.5263136,50,0,3
Z3,17,4,720,26248.0,0.051106,513599.186006,514664.0,1.0,2,9.052361,179699.037389,179699.037389,5545186.706850999,16656200.6553642,634362.7064236,17003776.041181598,128113915.5263136,50,0,3
Z3,18,4,720,14624.0,0.051079,286301.61123,286744.0,1.0,2,9.052361,134239.522434,134239.522434,5545186.706850999,16656200.6553642,634362.7064236,17003776.041181598,128113915.5263136,50,0,3
Z3,19,4,720,26816.0,0.051104,524733.876018,525800.0,1.0,2,9.052361,181925.975392,181925.975392,5545186.706850999,16656200.6553642,634362.7064236,17003776.041181598,128113915.5263136,50,0,3
Z3,20,4,720,23128.0,0.051103,452576.169696,453488.0,1.0,2,9.052361,167494.434127,167494.434127,5545186.706850999,16656200.6553642,634362.7064236,17003776.041181598,128113915.5263136,50,0,3
Z3,21,4,720,19440.0,0.051096,380460.310005,381176.0,1.0,2,9.052361,153071.262189,153071.262189,5545186.706850999,16656200.6553642,634362.7064236,17003776.041181598,128113915.5263136,50,0,3
Z3,22,4,720,29088.0,0.370762,78454.642061,78616.0,1.0,2,9.052361,92670.1286,92670.1286,5545186.706850999,16656200.6553642,634362.7064236,17003776.041181598,128113915.5263136,50,0,3
Z3,23,4,720,29840.0,0.051107,583873.050658,585096.0,1.0,2,9.052361,193753.81032,193753.81032,5545186.706850999,16656200.6553642,634362.7064236,17003776.041181598,128113915.5263136,50,0,3
Z3,24,4,720,17200.0,0.051046,336950.985386,337248.0,1.0,2,9.052361,144369.397265,144369.397265,5545186.706850999,16656200.6553642,634362.7064236,17003776.041181598,128113915.5263136,50,0,3
Z3,25,4,720,25664.0,0.051094,502289.897052,503208.0,1.0,2,9.052361,177437.179599,177437.179599,5545186.706850999,16656200.6553642,634362.7064236,17003776.041181598,128113915.5263136,50,0,3
Z3,26,4,720,26808.0,0.051116,524454.182643,525640.0,1.0,2,9.052361,181870.036717,181870.036717,5545186.706850999,16656200.6553642,634362.7064236,17003776.041181598,128113915.5263136,50,0,3
Z3,27,4,720,17472.0,0.051077,342071.773988,342584.0,1.0,2,9.052361,145393.554986,145393.554986,5545186.706850999,16656200.6553642,634362.7064236,17003776.041181598,128113915.5263136,50,0,3
Z3,28,4,720,6448.0,0.050985,126468.569187,128960.0,1.0,2,9.052361,102272.914026,102272.914026,5545186.706850999,16656200.6553642,634362.7064236,17003776.041181598,128113915.5263136,50,0,3
Z3,29,4,720,7200.0,0.051003,141168.166578,141176.0,1.0,2,9.052361,105212.833504,105212.833504,5545186.706850999,16656200.6553642,634362.7064236,17003776.041181598,128113915.5263136,50,0,3
Z3,30,4,720,7520.0,0.051008,147427.854454,147448.0,1.0,2,9.052361,106464.771079,106464.771079,5545186.706850999,16656200.6553642,634362.7064236,17003776.041181598,128113915.5263136,50,0,3
Z3,31,4,720,6728.0,0.051011,131893.121092,131920.0,1.0,2,9.052361,103357.824406,103357.824406,5545186.706850999,16656200.6553642,634362.7064236,17003776.041181598,128113915.5263136,50,0,3
Z3,32,4,720,7224.0,0.051025,141577.658011,141640.0,1.0,2,9.052361,105294.73179,105294.73179,5545186.706850999,16656200.6553642,634362.7064236,17003776.041181598,128113915.5263136,50,0,3
Z3,33,4,720,7256.0,0.051019,142221.525314,142272.0,1.0,2,9.052361,105423.505251,105423.505251,5545186.706850999,16656200.6553642,634362.7064236,17003776.041181598,128113915.5263136,50,0,3
Z3,34,4,720,6544.0,0.051,128313.72549,128312.0,1.0,2,9.052361,102641.945286,102641.945286,5545186.706850999,16656200.6553642,634362.7064236,17003776.041181598,128113915.5263136,50,0,3
Z3,35,4,720,12272.0,0.050987,240688.803028,245440.0,1.0,2,9.052361,125116.960794,125116.960794,5545186.706850999,16656200.6553642,634362.7064236,17003776.041181598,128113915.5263136,50,0,3
Z3,36,4,720,8544.0,0.05087,167957.538824,170880.0,1.0,2,9.052361,110570.707953,110570.707953,5545186.706850999,16656200.6553642,634362.7064236,17003776.041181598,128113915.5263136,50,0,3
Z3,37,4,720,6424.0,0.05101,125936.090963,125960.0,1.0,2,9.052361,102166.418381,102166.418381,5545186.706850999,16656200.6553642,634362.7064236,17003776.041181598,128113915.5263136,50,0,3
Z3,38,4,720,6872.0,0.051012,134713.400768,134744.0,1.0,2,9.052361,103921.880342,103921.880342,5545186.706850999,16656200.6553642,634362.7064236,17003776.041181598,128113915.5263136,50,0,3
Z1,0,5,720,20272.0,0.339122,59777.89704,59792.0,1.0,2,12.198705,115877.45975,115877.45975,5545186.706850999,16656200.6553642,634362.7064236,17003776.041181598,128113915.5263136,50,0,3
Z2,0,5,720,6624.0,0.338801,19551.300026,19592.0,1.0,2,12.198705,107832.140347,107832.140347,5545186.706850999,16656200.6553642,634362.7064236,17003776.041181598,128113915.5263136,50,0,3
Z2,1,5,720,7616.0,0.050896,149638.478466,152320.0,1.0,2,12.198705,133849.576035,133849.576035,5545186.706850999,16656200.6553642,634362.7064236,17003776.041181598,128113915.5263136,50,0,3
Z2,2,5,720,8792.0,0.306436,28691.145949,28728.0,1.0,2,12.198705,109660.109532,109660.109532,5545186.706850999,16656200.6553642,634362.7064236,17003776.041181598,128113915.5263136,50,0,3
Z2,3,5,720,8816.0,0.050984,172916.993567,176320.0,1.0,2,12.198705,138505.279055,138505.279055,5545186.706850999,16656200.6553642,634362.7064236,17003776.041181598,128113915.5263136,50,0,3
Z2,4,5,720,14976.0,0.051047,293376.692068,293640.0,1.0,2,12.198705,162597.218755,162597.218755,5545186.706850999,16656200.6553642,634362.7064236,17003776.041181598,128113915.5263136,50,0,3
Z2,5,5,720,25312.0,0.051114,495206.79266,496312.0,1.0,2,12.198705,202963.238874,202963.238874,5545186.706850999,16656200.6553642,634362.7064236,17003776.041181598,128113915.5263136,50,0,3
Z2,6,5,720,13208.0,0.051777,255093.960639,258976.0,1.0,2,12.198705,154940.67247,154940.67247,5545186.706850999,16656200.6553642,634362.7064236,17003776.041181598,128113915.5263136,50,0,3
Z2,7,5,720,16320.0,0.051168,318949.34334,320000.0,1.0,2,12.198705,167711.74901,167711.74901,5545186.706850999,16656200.6553642,634362.7064236,17003776.041181598,128113915.5263136,50,0,3
Z3,0,5,720,7712.0,0.174054,44308.088294,44320.0,1.0,2,12.198705,112783.498001,112783.498001,5545186.706850999,16656200.6553642,634362.7064236,17003776.041181598,128113915.5263136,50,0,3
Z3,1,5,720,9624.0,0.05099,188742.890763,192480.0,1.0,2,12.198705,141670.458494,141670.458494,5545186.706850999,16656200.6553642,634362.7064236,17003776.041181598,128113915.5263136,50,0,3
Z3,2,5,720,9096.0,0.051034,178234.118431,178352.0,1.0,2,12.198705,139568.704028,139568.704028,5545186.706850999,16656200.6553642,634362.7064236,17003776.041181598,128113915.5263136,50,0,3
Z3,3,5,720,7632.0,0.050999,149649.993137,152640.0,1.0,2,12.198705,133851.878969,133851.878969,5545186.706850999,16656200.6553642,634362.7064236,17003776.041181598,128113915.5263136,50,0,3
Z3,4,5,720,8304.0,0.050962,162944.939367,166080.0,1.0,2,12.198705,136510.868215,136510.868215,5545186.706850999,16656200.6553642,634362.7064236,17003776.041181598,128113915.5263136,50,0,3
Z3,5,5,720,8504.0,0.303983,27975.248616,28064.0,1.0,2,12.198705,109516.930065,109516.930065,5545186.706850999,16656200.6553642,634362.7064236,17003776.041181598,128113915.5263136,50,0,3
Z3,6,5,720,7384.0,0.050958,144903.64614,147680.0,1.0,2,12.198705,132902.60957,132902.60957,5545186.706850999,16656200.6553642,634362.7064236,17003776.041181598,128113915.5263136,50,0,3
Z3,7,5,720,8968.0,0.050995,175860.378468,179360.0,1.0,2,12.198705,139093.956036,139093.956036,5545186.706850999,16656200.6553642,634362.7064236,17003776.041181598,128113915.5263136,50,0,3
Z3,8,5,720,8912.0,0.05098,174813.652413,178240.0,1.0,2,12.198705,138884.610824,138884.610824,5545186.706850999,16656200.6553642,634362.7064236,17003776.041181598,128113915.5263136,50,0,3
Z3,9,5,720,16688.0,0.051145,326288.004693,327208.0,1.0,2,12.198705,169179.48128,169179.48128,5545186.706850999,16656200.6553642,634362.7064236,17003776.041181598,128113915.5263136,50,0,3
Z3,10,5,720,23832.0,0.05106,466745.005875,467288.0,1.0,2,12.198705,197270.881517,197270.881517,5545186.706850999,16656200.6553642,634362.7064236,17003776.041181598,128113915.5263136,50,0,3
Z3,11,5,720,21144.0,0.179314,117916.057865,118120.0,1.0,2,12.198705,127505.091915,127505.091915,5545186.706850999,16656200.6553642,634362.7064236,17003776.041181598,128113915.5263136,50,0,3
Z3,12,5,720,14272.0,0.051075,279432.207538,279840.0,1.0,2,12.198705,159808.321849,159808.321849,5545186.706850999,16656200.6553642,634362.7064236,17003776.041181598,128113915.5263136,50,0,3
Z3,13,5,720,27640.0,0.051151,540360.89226,541960.0,1.0,2,12.198705,211994.058794,211994.058794,5545186.706850999,16656200.6553642,634362.7064236,17003776.041181598,128113915.5263136,50,0,3
Z3,14,5,720,33288.0,0.051154,650740.900027,652704.0,1.0,2,12.198705,234070.060347,234070.060347,5545186.706850999,16656200.6553642,634362.7064236,17003776.041181598,128113915.5263136,50,0,3
Z3,15,5,720,17576.0,0.051075,344121.390113,344624.0,1.0,2,12.198705,172746.158364,172746.158364,5545186.706850999,16656200.6553642,634362.7064236,17003776.041181598,128113915.5263136,50,0,3
Z3,16,5,720,34872.0,0.051048,683121.767748,683760.0,1.0,2,12.198705,240546.233891,240546.233891,5545186.706850999,16656200.6553642,634362.7064236,17003776.041181598,128113915.5263136,50,0,3
Z3,17,5,720,27336.0,0.051075,535212.922173,536000.0,1.0,2,12.198705,210964.464777,210964.464777,5545186.706850999,16656200.6553642,634362.7064236,17003776.041181598,128113915.5263136,50,0,3
Z3,18,5,720,18312.0,0.051084,358468.40498,359056.0,1.0,2,12.198705,175615.561338,175615.561338,5545186.706850999,16656200.6553642,634362.7064236,17003776.041181598,128113915.5263136,50,0,3
Z3,19,5,720,41432.0,0.051152,809978.104473,812392.0,1.0,2,12.198705,265917.501236,265917.501236,5545186.706850999,16656200.6553642,634362.7064236,17003776.041181598,128113915.5263136,50,0,3
Z3,20,5,720,36760.0,0.052918,694659.662119,706920.0,1.0,2,12.198705,242853.812766,242853.812766,5545186.706850999,16656200.6553642,634362.7064236,17003776.041181598,128113915.5263136,50,0,3
Z3,21,5,720,21272.0,0.051131,416029.414641,417096.0,1.0,2,12.198705,187127.76327,187127.76327,5545186.706850999,16656200.6553642,634362.7064236,17003776.041181598,128113915.5263136,50,0,3
Z3,22,5,720,43464.0,0.051115,850317.910594,852232.0,1.0,2,12.198705,273985.462461,273985.462461,5545186.706850999,16656200.6553642,634362.7064236,17003776.041181598,128113915.5263136,50,0,3
Z3,23,5,720,42000.0,0.267883,156784.865034,157296.0,1.0,2,12.198705,135278.853349,135278.853349,5545186.706850999,16656200.6553642,634362.7064236,17003776.041181598,128113915.5263136,50,0,3
Z3,24,5,720,20304.0,0.051089,397424.103036,398112.0,1.0,2,12.198705,183406.700949,183406.700949,5545186.706850999,16656200.6553642,634362.7064236,17003776.041181598,128113915.5263136,50,0,3
Z3,25,5,720,32736.0,0.051071,640989.994322,641880.0,1.0,2,12.198705,232119.879206,232119.879206,5545186.706850999,16656200.6553642,634362.7064236,17003776.041181598,128113915.5263136,50,0,3
Z3,26,5,720,34608.0,0.051143,676690.847232,678584.0,1.0,2,12.198705,239260.049788,239260.049788,5545186.706850999,16656200.6553642,634362.7064236,17003776.041181598,128113915.5263136,50,0,3
Z3,27,5,720,21272.0,0.050988,417196.203028,425440.0,1.0,2,12.198705,187361.120947,187361.120947,5545186.706850999,16656200.6553642,634362.7064236,17003776.041181598,128113915.5263136,50,0,3
Z3,28,5,720,8752.0,0.050872,172039.628872,175040.0,1.0,2,12.198705,138329.806116,138329.806116,5545186.706850999,16656200.6553642,634362.7064236,17003776.041181598,128113915.5263136,50,0,3
Z3,29,5,720,12760.0,0.051064,249882.500392,250192.0,1.0,2,12.198705,153898.38042,153898.38042,5545186.706850999,16656200.6553642,634362.7064236,17003776.041181598,128113915.5263136,50,0,3
Z3,30,5,720,15440.0,0.05103,302567.117382,302744.0,1.0,2,12.198705,164435.303818,164435.303818,5545186.706850999,16656200.6553642,634362.7064236,17003776.041181598,128113915.5263136,50,0,3
Z3,31,5,720,10000.0,0.051061,195844.186365,196072.0,1.0,2,12.198705,143090.717615,143090.717615,5545186.706850999,16656200.6553642,634362.7064236,17003776.041181598,128113915.5263136,50,0,3
Z3,32,5,720,15200.0,0.05092,298507.462687,304000.0,1.0,2,12.198705,163623.372879,163623.372879,5545186.706850999,16656200.6553642,634362.7064236,17003776.041181598,128113915.5263136,50,0,3
Z3,33,5,720,18352.0,0.051125,358963.325183,359840.0,1.0,2,12.198705,175714.545379,175714.545379,5545186.706850999,16656200.6553642,634362.7064236,17003776.041181598,128113915.5263136,50,0,3
Z3,34,5,720,11224.0,0.050993,220108.642363,224480.0,1.0,2,12.198705,147943.608814,147943.608814,5545186.706850999,16656200.6553642,634362.7064236,17003776.041181598,128113915.5263136,50,0,3
Z3,35,5,720,23240.0,0.051109,454714.433857,455680.0,1.0,2,12.198705,194864.767113,194864.767113,5545186.706850999,16656200.6553642,634362.7064236,17003776.041181598,128113915.5263136,50,0,3
Z3,36,5,720,16824.0,0.051055,329526.980707,329880.0,1.0,2,12.198705,169827.276483,169827.276483,5545186.706850999,16656200.6553642,634362.7064236,17003776.041181598,128113915.5263136,50,0,3
Z3,37,5,720,9680.0,0.051014,189751.83283,189800.0,1.0,2,12.198705,141872.246908,141872.246908,5545186.706850999,16656200.6553642,634362.7064236,17003776.041181598,128113915.5263136,50,0,3
Z3,38,5,720,12888.0,0.051074,252339.742335,252704.0,1.0,2,12.198705,154389.828809,154389.828809,5545186.706850999,16656200.6553642,634362.7064236,17003776.041181598,128113915.5263136,50,0,3
Z1,0,6,720,7488.0,0.172732,43350.392516,43528.0,1.0,2,16.210876,138111.752208,138111.752208,5545186.706850999,16656200.6553642,634362.7064236,17003776.041181598,128113915.5263136,50,0,3
Z2,0,6,720,6624.0,0.172586,38380.865192,38504.0,1.0,2,16.210876,137117.846743,137117.846743,5545186.706850999,16656200.6553642,634362.7064236,17003776.041181598,128113915.5263136,50,0,3
Z2,1,6,720,6768.0,0.050904,132956.152758,135360.0,1.0,2,16.210876,156032.904256,156032.904256,5545186.706850999,16656200.6553642,634362.7064236,17003776.041181598,128113915.5263136,50,0,3
Z2,2,6,720,7752.0,0.050899,152301.616928,155040.0,1.0,2,16.210876,159901.99709,159901.99709,5545186.706850999,16656200.6553642,634362.7064236,17003776.041181598,128113915.5263136,50,0,3
Z2,3,6,720,10768.0,0.05095,211344.455348,215360.0,1.0,2,16.210876,171710.564774,171710.564774,5545186.706850999,16656200.6553642,634362.7064236,17003776.041181598,128113915.5263136,50,0,3
Z2,4,6,720,14912.0,0.050919,292857.283136,298240.0,1.0,2,16.210876,188013.130332,188013.130332,5545186.706850999,16656200.6553642,634362.7064236,17003776.041181598,128113915.5263136,50,0,3
Z2,5,6,720,14376.0,0.051,281882.352941,281880.0,1.0,2,16.210876,185818.144293,185818.144293,5545186.706850999,16656200.6553642,634362.7064236,17003776.041181598,128113915.5263136,50,0,3
Z2,6,6,720,7176.0,0.050981,140758.321728,143520.0,1.0,2,16.210876,157593.33805,157593.33805,5545186.706850999,16656200.6553642,634362.7064236,17003776.041181598,128113915.5263136,50,0,3
Z2,7,6,720,8768.0,0.050933,172147.72348,175360.0,1.0,2,16.210876,163871.2184,163871.2184,5545186.706850999,16656200.6553642,634362.7064236,17003776.041181598,128113915.5263136,50,0,3
Z3,0,6,720,6760.0,0.172663,39151.410551,39296.0,1.0,2,16.210876,137271.955815,137271.955815,5545186.706850999,16656200.6553642,634362.7064236,17003776.041181598,128113915.5263136,50,0,3
Z3,1,6,720,8320.0,0.05097,163233.274475,166400.0,1.0,2,16.210876,162088.3286,162088.3286,5545186.706850999,16656200.6553642,634362.7064236,17003776.041181598,128113915.5263136,50,0,3
Z3,2,6,720,7800.0,0.559162,13949.445778,13952.0,1.0,2,16.210876,132231.56286,132231.56286,5545186.706850999,16656200.6553642,634362.7064236,17003776.041181598,128113915.5263136,50,0,3
Z3,3,6,720,6928.0,0.050938,136008.480898,138560.0,1.0,2,16.210876,156643.369884,156643.369884,5545186.706850999,16656200.6553642,634362.7064236,17003776.041181598,128113915.5263136,50,0,3
Z3,4,6,720,7472.0,0.051055,146351.973362,146504.0,1.0,2,16.210876,158712.068377,158712.068377,5545186.706850999,16656200.6553642,634362.7064236,17003776.041181598,128113915.5263136,50,0,3
Z3,5,6,720,7416.0,0.050891,145723.212356,148320.0,1.0,2,16.210876,158586.316176,158586.316176,5545186.706850999,16656200.6553642,634362.7064236,17003776.041181598,128113915.5263136,50,0,3
Z3,6,6,720,6760.0,0.051007,132530.829102,132544.0,1.0,2,16.210876,155947.839525,155947.839525,5545186.706850999,16656200.6553642,634362.7064236,17003776.041181598,128113915.5263136,50,0,3
Z3,7,6,720,7600.0,0.051009,148993.314905,149016.0,1.0,2,16.210876,159240.336686,159240.336686,5545186.706850999,16656200.6553642,634362.7064236,17003776.041181598,128113915.5263136,50,0,3
Z3,8,6,720,7600.0,0.05104,148902.821317,149016.0,1.0,2,16.210876,159222.237968,159222.237968,5545186.706850999,16656200.6553642,634362.7064236,17003776.041181598,128113915.5263136,50,0,3
Z3,9,6,720,12912.0,0.051054,252908.684922,253176.0,1.0,2,16.210876,180023.410689,180023.410689,5545186.706850999,16656200.6553642,634362.7064236,17003776.041181598,128113915.5263136,50,0,3
Z3,10,6,720,17552.0,0.051052,343806.31513,344152.0,1.0,2,16.210876,198202.93673,198202.93673,5545186.706850999,16656200.6553642,634362.7064236,17003776.041181598,128113915.5263136,50,0,3
Z3,11,6,720,14968.0,0.051078,293042.014174,293488.0,1.0,2,16.210876,188050.076539,188050.076539,5545186.706850999,16656200.6553642,634362.7064236,17003776.041181598,128113915.5263136,50,0,3
Z3,12,6,720,10336.0,0.05095,202865.554465,206720.0,1.0,2,16.210876,170014.784598,170014.784598,5545186.706850999,16656200.6553642,634362.7064236,17003776.041181598,128113915.5263136,50,0,3
Z3,13,6,720,18344.0,0.051011,359608.711846,359680.0,1.0,2,16.210876,201363.416074,201363.416074,5545186.706850999,16656200.6553642,634362.7064236,17003776.041181598,128113915.5263136,50,0,3
Z3,14,6,720,20456.0,0.051083,400446.332439,401096.0,1.0,2,16.210876,209530.940192,209530.940192,5545186.706850999,16656200.6553642,634362.7064236,17003776.041181598,128113915.5263136,50,0,3
Z3,15,6,720,12480.0,0.051017,244624.340906,244704.0,1.0,2,16.210876,178366.541886,178366.541886,5545186.706850999,16656200.6553642,634362.7064236,17003776.041181598,128113915.5263136,50,0,3
Z3,16,6,720,18912.0,0.051008,370765.370138,370816.0,1.0,2,16.210876,203594.747732,203594.747732,5545186.706850999,16656200.6553642,634362.7064236,17003776.041181598,128113915.5263136,50,0,3
Z3,17,6,720,16112.0,0.050944,316268.844221,322240.0,1.0,2,16.210876,192695.442549,192695.442549,5545186.706850999,16656200.6553642,634362.7064236,17003776.041181598,128113915.5263136,50,0,3
Z3,18,6,720,17456.0,0.051092,341658.185234,342272.0,1.0,2,16.210876,197773.310751,197773.310751,5545186.706850999,16656200.6553642,634362.7064236,17003776.041181598,128113915.5263136,50,0,3
Z3,19,6,720,16088.0,0.051026,315290.244189,315448.0,1.0,2,16.210876,192499.722542,192499.722542,5545186.706850999,16656200.6553642,634362.7064236,17003776.041181598,128113915.5263136,50,0,3
Z3,20,6,720,31984.0,0.051199,624699.701166,627136.0,1.0,2,16.210876,254381.613938,254381.613938,5545186.706850999,16656200.6553642,634362.7064236,17003776.041181598,128113915.5263136,50,0,3
Z3,21,6,720,21472.0,0.051093,420253.263656,421016.0,1.0,2,16.210876,213492.326436,213492.326436,5545186.706850999,16656200.6553642,634362.7064236,17003776.041181598,128113915.5263136,50,0,3
Z3,22,6,720,19320.0,0.051054,378422.846398,378816.0,1.0,2,16.210876,205126.242984,205126.242984,5545186.706850999,16656200.6553642,634362.7064236,17003776.041181598,128113915.5263136,50,0,3
Z3,23,6,720,33040.0,0.177555,186083.185492,186664.0,1.0,2,16.210876,166658.310803,166658.310803,5545186.706850999,16656200.6553642,634362.7064236,17003776.041181598,128113915.5263136,50,0,3
Z3,24,6,720,26472.0,0.38542,68683.514089,68752.0,1.0,2,16.210876,143178.376522,143178.376522,5545186.706850999,16656200.6553642,634362.7064236,17003776.041181598,128113915.5263136,50,0,3
Z3,25,6,720,12984.0,0.051014,254518.367507,254584.0,1.0,2,16.210876,180345.347206,180345.347206,5545186.706850999,16656200.6553642,634362.7064236,17003776.041181598,128113915.5263136,50,0,3
Z3,26,6,720,21128.0,0.194091,108856.155103,108904.0,1.0,2,16.210876,151212.904725,151212.904725,5545186.706850999,16656200.6553642,634362.7064236,17003776.041181598,128113915.5263136,50,0,3
Z3,27,6,720,21576.0,0.101655,212247.307068,213616.0,1.0,2,16.210876,171891.135118,171891.135118,5545186.706850999,16656200.6553642,634362.7064236,17003776.041181598,128113915.5263136,50,0,3
Z3,28,6,720,9568.0,0.050985,187663.038148,191360.0,1.0,2,16.210876,166974.281334,166974.281334,5545186.706850999,16656200.6553642,634362.7064236,17003776.041181598,128113915.5263136,50,0,3
Z3,29,6,720,12800.0,0.051028,250842.67461,250976.0,1.0,2,16.210876,179610.208627,179610.208627,5545186.706850999,16656200.6553642,634362.7064236,17003776.041181598,128113915.5263136,50,0,3
Z3,30,6,720,7048.0,0.051034,138104.009092,138192.0,1.0,2,16.210876,157062.475523,157062.475523,5545186.706850999,16656200.6553642,634362.7064236,17003776.041181598,128113915.5263136,50,0,3
Z3,31,6,720,8656.0,0.332058,26067.735155,26072.0,1.0,2,16.210876,134655.220735,134655.220735,5545186.706850999,16656200.6553642,634362.7064236,17003776.041181598,128113915.5263136,50,0,3
Z3,32,6,720,9488.0,0.050988,186082.999922,189760.0,1.0,2,16.210876,166658.273689,166658.273689,5545186.706850999,16656200.6553642,634362.7064236,17003776.041181598,128113915.5263136,50,0,3
Z3,33,6,720,8424.0,0.050898,165507.485559,168480.0,1.0,2,16.210876,162543.170816,162543.170816,5545186.706850999,16656200.6553642,634362.7064236,17003776.041181598,128113915.5263136,50,0,3
Z3,34,6,720,9328.0,0.05108,182615.50509,182896.0,1.0,2,16.210876,165964.774723,165964.774723,5545186.706850999,16656200.6553642,634362.7064236,17003776.041181598,128113915.5263136,50,0,3
Z3,35,6,720,8680.0,0.051017,170139.36531,170192.0,1.0,2,16.210876,163469.546766,163469.546766,5545186.706850999,16656200.6553642,634362.7064236,17003776.041181598,128113915.5263136,50,0,3
Z3,36,6,720,7160.0,0.051038,140287.628826,140392.0,1.0,2,16.210876,157499.19947,157499.19947,5545186.706850999,16656200.6553642,634362.7064236,17003776.041181598,128113915.5263136,50,0,3
Z3,37,6,720,10360.0,0.050992,203169.124569,207200.0,1.0,2,16.210876,170075.498618,170075.498618,5545186.706850999,16656200.6553642,634362.7064236,17003776.041181598,128113915.5263136,50,0,3
Z3,38,6,720,9048.0,0.051057,177213.702333,177408.0,1.0,2,16.210876,164884.414171,164884.414171,5545186.706850999,16656200.6553642,634362.7064236,17003776.041181598,128113915.5263136,50,0,3
Z1,0,7,720,7408.0,0.247808,29894.11157,29984.0,1.0,2,20.475371,143872.937597,143872.937597,5545186.706850999,16656200.6553642,634362.7064236,17003776.041181598,128113915.5263136,50,0,3
Z2,0,7,720,6624.0,0.172623,38372.63864,38504.0,1.0,2,20.475371,145568.643011,145568.643011,5545186.706850999,16656200.6553642,634362.7064236,17003776.041181598,128113915.5263136,50,0,3
Z2,1,7,720,6792.0,0.050854,133558.815432,135840.0,1.0,2,20.475371,164605.878369,164605.878369,5545186.706850999,16656200.6553642,634362.7064236,17003776.041181598,128113915.5263136,50,0,3
Z2,2,7,720,7464.0,0.050905,146626.068166,149280.0,1.0,2,20.475371,167219.328916,167219.328916,5545186.706850999,16656200.6553642,634362.7064236,17003776.041181598,128113915.5263136,50,0,3
Z2,3,7,720,10144.0,0.050872,199402.421764,202880.0,1.0,2,20.475371,177774.599635,177774.599635,5545186.706850999,16656200.6553642,634362.7064236,17003776.041181598,128113915.5263136,50,0,3
Z2,4,7,720,14352.0,0.050861,282180.845835,287040.0,1.0,2,20.475371,194330.284449,194330.284449,5545186.706850999,16656200.6553642,634362.7064236,17003776.041181598,128113915.5263136,50,0,3
Z2,5,7,720,15008.0,0.051823,289601.14235,294272.0,1.0,2,20.475371,195814.343753,195814.343753,5545186.706850999,16656200.6553642,634362.7064236,17003776.041181598,128113915.5263136,50,0,3
Z2,6,7,720,7168.0,0.05078,141157.936195,143360.0,1.0,2,20.475371,166125.702522,166125.702522,5545186.706850999,16656200.6553642,634362.7064236,17003776.041181598,128113915.5263136,50,0,3
Z2,7,7,720,8160.0,0.050918,160257.669194,163200.0,1.0,2,20.475371,169945.649121,169945.649121,5545186.706850999,16656200.6553642,634362.7064236,17003776.041181598,128113915.5263136,50,0,3
Z3,0,7,720,6656.0,0.17234,38621.329929,38696.0,1.0,2,20.475371,145618.381268,145618.381268,5545186.706850999,16656200.6553642,634362.7064236,17003776.041181598,128113915.5263136,50,0,3
Z3,1,7,720,7664.0,0.050903,150560.870676,153280.0,1.0,2,20.475371,168006.289418,168006.289418,5545186.706850999,16656200.6553642,634362.7064236,17003776.041181598,128113915.5263136,50,0,3
Z3,2,7,720,7664.0,0.050796,150878.021891,153280.0,1.0,2,20.475371,168069.719661,168069.719661,5545186.706850999,16656200.6553642,634362.7064236,17003776.041181598,128113915.5263136,50,0,3
Z3,3,7,720,6920.0,0.050744,136370.802459,138400.0,1.0,2,20.475371,165168.275774,165168.275774,5545186.706850999,16656200.6553642,634362.7064236,17003776.041181598,128113915.5263136,50,0,3
Z3,4,7,720,7504.0,0.050879,147487.175455,150080.0,1.0,2,20.475371,167391.550374,167391.550374,5545186.706850999,16656200.6553642,634362.7064236,17003776.041181598,128113915.5263136,50,0,3
Z3,5,7,720,7480.0,0.050892,146977.914014,149600.0,1.0,2,20.475371,167289.698085,167289.698085,5545186.706850999,16656200.6553642,634362.7064236,17003776.041181598,128113915.5263136,50,0,3
Z3,6,7,720,6728.0,0.050846,132321.126539,134560.0,1.0,2,20.475371,164358.34059,164358.34059,5545186.706850999,16656200.6553642,634362.7064236,17003776.041181598,128113915.5263136,50,0,3
Z3,7,7,720,7632.0,0.050881,149997.051945,152640.0,1.0,2,20.475371,167893.525671,167893.525671,5545186.706850999,16656200.6553642,634362.7064236,17003776.041181598,128113915.5263136,50,0,3
Z3,8,7,720,7392.0,0.050924,145157.489592,147840.0,1.0,2,20.475371,166925.613201,166925.613201,5545186.706850999,16656200.6553642,634362.7064236,17003776.041181598,128113915.5263136,50,0,3
Z3,9,7,720,12800.0,0.050879,251577.271566,256000.0,1.0,2,20.475371,188209.569596,188209.569596,5545186.706850999,16656200.6553642,634362.7064236,17003776.041181598,128113915.5263136,50,0,3
Z3,10,7,720,16760.0,0.050826,329752.488884,335200.0,1.0,2,20.475371,203844.613059,203844.613059,5545186.706850999,16656200.6553642,634362.7064236,17003776.041181598,128113915.5263136,50,0,3
Z3,11,7,720,14104.0,0.050779,277752.61427,282080.0,1.0,2,20.475371,193444.638136,193444.638136,5545186.706850999,16656200.6553642,634362.7064236,17003776.041181598,128113915.5263136,50,0,3
Z3,12,7,720,9704.0,0.217233,44670.929371,44712.0,1.0,2,20.475371,146828.301157,146828.301157,5545186.706850999,16656200.6553642,634362.7064236,17003776.041181598,128113915.5263136,50,0,3
Z3,13,7,720,17248.0,0.050939,338601.07187,344960.0,1.0,2,20.475371,205614.329657,205614.329657,5545186.706850999,16656200.6553642,634362.7064236,17003776.041181598,128113915.5263136,50,0,3
Z3,14,7,720,21552.0,0.050777,424444.138094,431040.0,1.0,2,20.475371,222782.942901,222782.942901,5545186.706850999,16656200.6553642,634362.7064236,17003776.041181598,128113915.5263136,50,0,3
Z3,15,7,720,16688.0,0.050938,327613.962072,333760.0,1.0,2,20.475371,203416.907697,203416.907697,5545186.706850999,16656200.6553642,634362.7064236,17003776.041181598,128113915.5263136,50,0,3
Z3,16,7,720,23312.0,0.050951,457537.634198,466240.0,1.0,2,20.475371,229401.642122,229401.642122,5545186.706850999,16656200.6553642,634362.7064236,17003776.041181598,128113915.5263136,50,0,3
Z3,17,7,720,14952.0,0.05093,293579.422737,299040.0,1.0,2,20.475371,196609.99983,196609.99983,5545186.706850999,16656200.6553642,634362.7064236,17003776.041181598,128113915.5263136,50,0,3
Z3,18,7,720,16856.0,0.051033,330296.082927,330504.0,1.0,2,20.475371,203953.331868,203953.331868,5545186.706850999,16656200.6553642,634362.7064236,17003776.041181598,128113915.5263136,50,0,3
Z3,19,7,720,23928.0,0.051019,469001.744448,469176.0,1.0,2,20.475371,231694.464172,231694.464172,5545186.706850999,16656200.6553642,634362.7064236,17003776.041181598,128113915.5263136,50,0,3
Z3,20,7,720,29544.0,0.050967,579669.197716,590880.0,1.0,2,20.475371,253827.954826,253827.954826,5545186.706850999,16656200.6553642,634362.7064236,17003776.041181598,128113915.5263136,50,0,3
Z3,21,7,720,31920.0,0.051094,624730.888167,625880.0,1.0,2,20.475371,262840.292916,262840.292916,5545186.706850999,16656200.6553642,634362.7064236,17003776.041181598,128113915.5263136,50,0,3
Z3,22,7,720,15096.0,0.050848,296884.833228,301920.0,1.0,2,20.475371,197271.081928,197271.081928,5545186.706850999,16656200.6553642,634362.7064236,17003776.041181598,128113915.5263136,50,0,3
Z3,23,7,720,22296.0,0.050816,438759.445844,445920.0,1.0,2,20.475371,225646.004451,225646.004451,5545186.706850999,16656200.6553642,634362.7064236,17003776.041181598,128113915.5263136,50,0,3
Z3,24,7,720,24272.0,0.050958,476313.827073,485440.0,1.0,2,20.475371,233156.880697,233156.880697,5545186.706850999,16656200.6553642,634362.7064236,17003776.041181598,128113915.5263136,50,0,3
Z3,25,7,720,13368.0,0.050981,262215.335125,267360.0,1.0,2,20.475371,190337.182308,190337.182308,5545186.706850999,16656200.6553642,634362.7064236,17003776.041181598,128113915.5263136,50,0,3
Z3,26,7,720,21768.0,0.050935,427368.214391,435360.0,1.0,2,20.475371,223367.758161,223367.758161,5545186.706850999,16656200.6553642,634362.7064236,17003776.041181598,128113915.5263136,50,0,3
Z3,27,7,720,21680.0,0.051037,424789.858338,425096.0,1.0,2,20.475371,222852.08695,222852.08695,5545186.706850999,16656200.6553642,634362.7064236,17003776.041181598,128113915.5263136,50,0,3
Z3,28,7,720,9672.0,0.050985,189702.853781,193440.0,1.0,2,20.475371,175834.686039,175834.686039,5545186.706850999,16656200.6553642,634362.7064236,17003776.041181598,128113915.5263136,50,0,3
Z3,29,7,720,13368.0,0.050876,262756.506015,267360.0,1.0,2,20.475371,190445.416485,190445.416485,5545186.706850999,16656200.6553642,634362.7064236,17003776.041181598,128113915.5263136,50,0,3
Z3,30,7,720,13424.0,0.051033,263045.480375,263208.0,1.0,2,20.475371,190503.211358,190503.211358,5545186.706850999,16656200.6553642,634362.7064236,17003776.041181598,128113915.5263136,50,0,3
Z3,31,7,720,8064.0,0.050931,158331.860753,161280.0,1.0,2,20.475371,169560.487433,169560.487433,5545186.706850999,16656200.6553642,634362.7064236,17003776.041181598,128113915.5263136,50,0,3
Z3,32,7,720,9424.0,0.050992,184813.304048,188480.0,1.0,2,20.475371,174856.776092,174856.776092,5545186.706850999,16656200.6553642,634362.7064236,17003776.041181598,128113915.5263136,50,0,3
Z3,33,7,720,7368.0,0.050848,144902.454374,147360.0,1.0,2,20.475371,166874.606157,166874.606157,5545186.706850999,16656200.6553642,634362.7064236,17003776.041181598,128113915.5263136,50,0,3
Z3,34,7,720,8792.0,0.050975,172476.704267,175840.0,1.0,2,20.475371,172389.456136,172389.456136,5545186.706850999,16656200.6553642,634362.7064236,17003776.041181598,128113915.5263136,50,0,3
Z3,35,7,720,8568.0,0.050989,168036.243111,171360.0,1.0,2,20.475371,171501.363905,171501.363905,5545186.706850999,16656200.6553642,634362.7064236,17003776.041181598,128113915.5263136,50,0,3
Z3,36,7,720,7064.0,0.050952,138640.288899,141280.0,1.0,2,20.475371,165622.173062,165622.173062,5545186.706850999,16656200.6553642,634362.7064236,17003776.041181598,128113915.5263136,50,0,3
Z3,37,7,720,10104.0,0.050964,198257.593595,202080.0,1.0,2,20.475371,177545.634002,177545.634002,5545186.706850999,16656200.6553642,634362.7064236,17003776.041181598,128113915.5263136,50,0,3
Z3,38,7,720,8640.0,0.050942,169604.648424,172800.0,1.0,2,20.475371,171815.044967,171815.044967,5545186.706850999,16656200.6553642,634362.7064236,17003776.041181598,128113915.5263136,50,0,3
Z1,0,8,720,7744.0,0.171509,45152.14945,45280.0,1.0,2,23.534117,155804.728662,155804.728662,5545186.706850999,16656200.6553642,634362.7064236,17003776.041181598,128113915.5263136,50,0,3
Z2,0,8,720,6624.0,0.173818,38108.826474,38288.0,1.0,2,23.534117,154396.064067,154396.064067,5545186.706850999,16656200.6553642,634362.7064236,17003776.041181598,128113915.5263136,50,0,3
Z2,1,8,720,6968.0,0.050907,136877.050307,139360.0,1.0,2,23.534117,174149.708833,174149.708833,5545186.706850999,16656200.6553642,634362.7064236,17003776.041181598,128113915.5263136,50,0,3
Z2,2,8,720,7968.0,0.30329,26271.884995,26296.0,1.0,2,23.534117,152028.675771,152028.675771,5545186.706850999,16656200.6553642,634362.7064236,17003776.041181598,128113915.5263136,50,0,3
Z2,3,8,720,12752.0,0.050968,250196.201538,255040.0,1.0,2,23.534117,196813.53908,196813.53908,5545186.706850999,16656200.6553642,634362.7064236,17003776.041181598,128113915.5263136,50,0,3
Z2,4,8,720,18720.0,0.050941,367483.952023,374400.0,1.0,2,23.534117,220271.089176,220271.089176,5545186.706850999,16656200.6553642,634362.7064236,17003776.041181598,128113915.5263136,50,0,3
Z2,5,8,720,25648.0,0.050929,503603.055234,512960.0,1.0,2,23.534117,247494.909819,247494.909819,5545186.706850999,16656200.6553642,634362.7064236,17003776.041181598,128113915.5263136,50,0,3
Z2,6,8,720,9784.0,0.050915,192163.409604,195680.0,1.0,2,23.534117,185206.980693,185206.980693,5545186.706850999,16656200.6553642,634362.7064236,17003776.041181598,128113915.5263136,50,0,3
Z2,7,8,720,13192.0,0.050825,259557.304476,263840.0,1.0,2,23.534117,198685.759667,198685.759667,5545186.706850999,16656200.6553642,634362.7064236,17003776.041181598,128113915.5263136,50,0,3
Z3,0,8,720,6768.0,0.247586,27335.955991,27400.0,1.0,2,23.534117,152241.48997,152241.48997,5545186.706850999,16656200.6553642,634362.7064236,17003776.041181598,128113915.5263136,50,0,3
Z3,1,8,720,8032.0,0.050967,157592.167481,160640.0,1.0,2,23.534117,178292.732268,178292.732268,5545186.706850999,16656200.6553642,634362.7064236,17003776.041181598,128113915.5263136,50,0,3
Z3,2,8,720,7872.0,0.050951,154501.383682,157440.0,1.0,2,23.534117,177674.575508,177674.575508,5545186.706850999,16656200.6553642,634362.7064236,17003776.041181598,128113915.5263136,50,0,3
Z3,3,8,720,7024.0,0.050888,138028.611853,140480.0,1.0,2,23.534117,174380.021143,174380.021143,5545186.706850999,16656200.6553642,634362.7064236,17003776.041181598,128113915.5263136,50,0,3
Z3,4,8,720,7816.0,0.302873,25806.195996,25880.0,1.0,2,23.534117,151935.537971,151935.537971,5545186.706850999,16656200.6553642,634362.7064236,17003776.041181598,128113915.5263136,50,0,3
Z3,5,8,720,7936.0,0.050832,156122.127794,158720.0,1.0,2,23.534117,177998.724331,177998.724331,5545186.706850999,16656200.6553642,634362.7064236,17003776.041181598,128113915.5263136,50,0,3
Z3,6,8,720,6928.0,0.050874,136179.580925,138560.0,1.0,2,23.534117,174010.214957,174010.214957,5545186.706850999,16656200.6553642,634362.7064236,17003776.041181598,128113915.5263136,50,0,3
Z3,7,8,720,8048.0,0.050858,158244.523969,160960.0,1.0,2,23.534117,178423.203566,178423.203566,5545186.706850999,16656200.6553642,634362.7064236,17003776.041181598,128113915.5263136,50,0,3
Z3,8,8,720,7664.0,0.050882,150623.010102,153280.0,1.0,2,23.534117,176898.900792,176898.900792,5545186.706850999,16656200.6553642,634362.7064236,17003776.041181598,128113915.5263136,50,0,3
Z3,9,8,720,14248.0,0.050921,279805.97396,284960.0,1.0,2,23.534117,202735.493564,202735.493564,5545186.706850999,16656200.6553642,634362.7064236,17003776.041181598,128113915.5263136,50,0,3
Z3,10,8,720,19448.0,0.050884,382202.657024,388960.0,1.0,2,23.534117,223214.830177,223214.830177,5545186.706850999,16656200.6553642,634362.7064236,17003776.041181598,128113915.5263136,50,0,3
Z3,11,8,720,17344.0,0.050879,340887.202972,346880.0,1.0,2,23.534117,214951.739366,214951.739366,5545186.706850999,16656200.6553642,634362.7064236,17003776.041181598,128113915.5263136,50,0,3
Z3,12,8,720,11952.0,0.050858,235007.275158,239040.0,1.0,2,23.534117,193775.753804,193775.753804,5545186.706850999,16656200.6553642,634362.7064236,17003776.041181598,128113915.5263136,50,0,3
Z3,13,8,720,25224.0,0.050955,495025.022078,504480.0,1.0,2,23.534117,245779.303188,245779.303188,5545186.706850999,16656200.6553642,634362.7064236,17003776.041181598,128113915.5263136,50,0,3
Z3,14,8,720,35992.0,0.051125,704000.0,705720.0,1.0,2,23.534117,287574.298772,287574.298772,5545186.706850999,16656200.6553642,634362.7064236,17003776.041181598,128113915.5263136,50,0,3
Z3,15,8,720,20016.0,0.051055,392047.791597,392464.0,1.0,2,23.534117,225183.857091,225183.857091,5545186.706850999,16656200.6553642,634362.7064236,17003776.041181598,128113915.5263136,50,0,3
Z3,16,8,720,36432.0,0.051021,714058.916917,714352.0,1.0,2,23.534117,289586.082155,289586.082155,5545186.706850999,16656200.6553642,634362.7064236,17003776.041181598,128113915.5263136,50,0,3
Z3,17,8,720,22472.0,0.050946,441094.492207,449440.0,1.0,2,23.534117,234993.197213,234993.197213,5545186.706850999,16656200.6553642,634362.7064236,17003776.041181598,128113915.5263136,50,0,3
Z3,18,8,720,21736.0,0.051041,425853.725436,426192.0,1.0,2,23.534117,231945.043859,231945.043859,5545186.706850999,16656200.6553642,634362.7064236,17003776.041181598,128113915.5263136,50,0,3
Z3,19,8,720,16848.0,0.050981,330476.059709,336960.0,1.0,2,23.534117,212869.510714,212869.510714,5545186.706850999,16656200.6553642,634362.7064236,17003776.041181598,128113915.5263136,50,0,3
Z3,20,8,720,47160.0,0.051006,924597.106223,924704.0,1.0,2,23.534117,331693.720016,331693.720016,5545186.706850999,16656200.6553642,634362.7064236,17003776.041181598,128113915.5263136,50,0,3
Z3,21,8,720,39472.0,0.051142,771811.818075,773960.0,1.0,2,23.534117,301136.662387,301136.662387,5545186.706850999,16656200.6553642,634362.7064236,17003776.041181598,128113915.5263136,50,0,3
Z3,22,8,720,26968.0,0.050942,529386.36096,539360.0,1.0,2,23.534117,252651.570964,252651.570964,5545186.706850999,16656200.6553642,634362.7064236,17003776.041181598,128113915.5263136,50,0,3
Z3,23,8,720,39776.0,0.051001,779906.276348,779920.0,1.0,2,23.534117,302755.554041,302755.554041,5545186.706850999,16656200.6553642,634362.7064236,17003776.041181598,128113915.5263136,50,0,3
Z3,24,8,720,34992.0,0.050979,686400.282469,699840.0,1.0,2,23.534117,284054.355266,284054.355266,5545186.706850999,16656200.6553642,634362.7064236,17003776.041181598,128113915.5263136,50,0,3
Z3,25,8,720,22464.0,0.05094,440989.399293,449280.0,1.0,2,23.534117,234972.178631,234972.178631,5545186.706850999,16656200.6553642,634362.7064236,17003776.041181598,128113915.5263136,50,0,3
Z3,26,8,720,43144.0,0.051115,844057.517363,845960.0,1.0,2,23.534117,315585.802244,315585.802244,5545186.706850999,16656200.6553642,634362.7064236,17003776.041181598,128113915.5263136,50,0,3
Z3,27,8,720,43672.0,0.051094,854738.325439,856312.0,1.0,2,23.534117,317721.96386,317721.96386,5545186.706850999,16656200.6553642,634362.7064236,17003776.041181598,128113915.5263136,50,0,3
Z3,28,8,720,18320.0,0.050985,359321.36903,366400.0,1.0,2,23.534117,218638.572578,218638.572578,5545186.706850999,16656200.6553642,634362.7064236,17003776.041181598,128113915.5263136,50,0,3
Z3,29,8,720,24560.0,0.051044,481153.514615,481568.0,1.0,2,23.534117,243005.001695,243005.001695,5545186.706850999,16656200.6553642,634362.7064236,17003776.041181598,128113915.5263136,50,0,3
Z3,30,8,720,19040.0,0.050976,373509.102323,380800.0,1.0,2,23.534117,221476.119236,221476.119236,5545186.706850999,16656200.6553642,634362.7064236,17003776.041181598,128113915.5263136,50,0,3
Z3,31,8,720,20160.0,0.051016,395170.1427,395288.0,1.0,2,23.534117,225808.327312,225808.327312,5545186.706850999,16656200.6553642,634362.7064236,17003776.041181598,128113915.5263136,50,0,3
Z3,32,8,720,16496.0,0.050968,323654.057448,329920.0,1.0,2,23.534117,211505.110261,211505.110261,5545186.706850999,16656200.6553642,634362.7064236,17003776.041181598,128113915.5263136,50,0,3
Z3,33,8,720,11624.0,0.050957,228113.899955,232480.0,1.0,2,23.534117,192397.078763,192397.078763,5545186.706850999,16656200.6553642,634362.7064236,17003776.041181598,128113915.5263136,50,0,3
Z3,34,8,720,21024.0,0.051061,411742.817414,412232.0,1.0,2,23.534117,229122.862255,229122.862255,5545186.706850999,16656200.6553642,634362.7064236,17003776.041181598,128113915.5263136,50,0,3
Z3,35,8,720,28496.0,0.051044,558263.458977,558744.0,1.0,2,23.534117,258426.990567,258426.990567,5545186.706850999,16656200.6553642,634362.7064236,17003776.041181598,128113915.5263136,50,0,3
Z3,36,8,720,12416.0,0.050911,243876.568914,248320.0,1.0,2,23.534117,195549.612555,195549.612555,5545186.706850999,16656200.6553642,634362.7064236,17003776.041181598,128113915.5263136,50,0,3
Z3,37,8,720,17312.0,0.051043,339165.01773,339448.0,1.0,2,23.534117,214607.302318,214607.302318,5545186.706850999,16656200.6553642,634362.7064236,17003776.041181598,128113915.5263136,50,0,3
Z3,38,8,720,14664.0,0.051026,287382.902834,287528.0,1.0,2,23.534117,204250.879339,204250.879339,5545186.706850999,16656200.6553642,634362.7064236,17003776.041181598,128113915.5263136,50,0,3
Z1,0,9,720,24464.0,0.172223,142048.390749,142232.0,1.0,2,26.932325,205717.877335,205717.877335,5545186.706850999,16656200.6553642,634362.7064236,17003776.041181598,128113915.5263136,50,0,3
Z2,0,9,720,6624.0,0.171973,38517.674286,38736.0,1.0,2,26.932325,185011.734042,185011.734042,5545186.706850999,16656200.6553642,634362.7064236,17003776.041181598,128113915.5263136,50,0,3
Z2,1,9,720,6776.0,0.051004,132852.325308,132856.0,1.0,2,26.932325,203878.664247,203878.664247,5545186.706850999,16656200.6553642,634362.7064236,17003776.041181598,128113915.5263136,50,0,3
Z2,2,9,720,7696.0,0.050989,150934.515288,153920.0,1.0,2,26.932325,207495.102242,207495.102242,5545186.706850999,16656200.6553642,634362.7064236,17003776.041181598,128113915.5263136,50,0,3
Z2,3,9,720,7496.0,0.318951,23502.042634,23568.0,1.0,2,26.932325,182008.607712,182008.607712,5545186.706850999,16656200.6553642,634362.7064236,17003776.041181598,128113915.5263136,50,0,3
Z2,4,9,720,16056.0,0.050982,314934.682829,321120.0,1.0,2,26.932325,240295.135751,240295.135751,5545186.706850999,16656200.6553642,634362.7064236,17003776.041181598,128113915.5263136,50,0,3
Z2,5,9,720,26344.0,0.051027,516275.69718,516544.0,1.0,2,26.932325,280563.338621,280563.338621,5545186.706850999,16656200.6553642,634362.7064236,17003776.041181598,128113915.5263136,50,0,3
Z2,6,9,720,23952.0,0.441949,54196.298668,54312.0,1.0,2,26.932325,188147.458919,188147.458919,5545186.706850999,16656200.6553642,634362.7064236,17003776.041181598,128113915.5263136,50,0,3
Z2,7,9,720,32816.0,0.101736,322560.352284,324904.0,1.0,2,26.932325,241820.269642,241820.269642,5545186.706850999,16656200.6553642,634362.7064236,17003776.041181598,128113915.5263136,50,0,3
Z3,0,9,720,6752.0,0.173834,38841.653532,39024.0,1.0,2,26.932325,185076.529891,185076.529891,5545186.706850999,16656200.6553642,634362.7064236,17003776.041181598,128113915.5263136,50,0,3
Z3,1,9,720,9824.0,0.051016,192567.037792,192624.0,1.0,2,26.932325,215821.606743,215821.606743,5545186.706850999,16656200.6553642,634362.7064236,17003776.041181598,128113915.5263136,50,0,3
Z3,2,9,720,8640.0,0.050979,169481.551227,172800.0,1.0,2,26.932325,211204.50943,211204.50943,5545186.706850999,16656200.6553642,634362.7064236,17003776.041181598,128113915.5263136,50,0,3
Z3,3,9,720,7248.0,0.050999,142120.433734,144960.0,1.0,2,26.932325,205732.285932,205732.285932,5545186.706850999,16656200.6553642,634362.7064236,17003776.041181598,128113915.5263136,50,0,3
Z3,4,9,720,8336.0,0.051012,163412.530385,163448.0,1.0,2,26.932325,209990.705262,209990.705262,5545186.706850999,16656200.6553642,634362.7064236,17003776.041181598,128113915.5263136,50,0,3
Z3,5,9,720,9640.0,0.051043,188860.372627,189016.0,1.0,2,26.932325,215080.27371,215080.27371,5545186.706850999,16656200.6553642,634362.7064236,17003776.041181598,128113915.5263136,50,0,3
Z3,6,9,720,10312.0,0.054888,187873.48783,190960.0,1.0,2,26.932325,214882.896751,214882.896751,5545186.706850999,16656200.6553642,634362.7064236,17003776.041181598,128113915.5263136,50,0,3
Z3,7,9,720,21208.0,0.051173,414437.30092,415840.0,1.0,2,26.932325,260195.659369,260195.659369,5545186.706850999,16656200.6553642,634362.7064236,17003776.041181598,128113915.5263136,50,0,3
Z3,8,9,720,8000.0,0.050976,156936.597615,160000.0,1.0,2,26.932325,208695.518708,208695.518708,5545186.706850999,16656200.6553642,634362.7064236,17003776.041181598,128113915.5263136,50,0,3
Z3,9,9,720,16880.0,0.051007,330934.96971,330976.0,1.0,2,26.932325,243495.193127,243495.193127,5545186.706850999,16656200.6553642,634362.7064236,17003776.041181598,128113915.5263136,50,0,3
Z3,10,9,720,23240.0,0.051382,452298.470281,455680.0,1.0,2,26.932325,267767.893241,267767.893241,5545186.706850999,16656200.6553642,634362.7064236,17003776.041181598,128113915.5263136,50,0,3
Z3,11,9,720,21680.0,0.051132,424000.625831,425096.0,1.0,2,26.932325,262108.324351,262108.324351,5545186.706850999,16656200.6553642,634362.7064236,17003776.041181598,128113915.5263136,50,0,3
Z3,12,9,720,16096.0,0.051043,315341.966577,315600.0,1.0,2,26.932325,240376.5925,240376.5925,5545186.706850999,16656200.6553642,634362.7064236,17003776.041181598,128113915.5263136,50,0,3
Z3,13,9,720,39872.0,0.051195,778826.057232,781800.0,1.0,2,26.932325,333073.410631,333073.410631,5545186.706850999,16656200.6553642,634362.7064236,17003776.041181598,128113915.5263136,50,0,3
Z3,14,9,720,46392.0,0.05126,905033.164261,909640.0,1.0,2,26.932325,358314.832037,358314.832037,5545186.706850999,16656200.6553642,634362.7064236,17003776.041181598,128113915.5263136,50,0,3
Z3,15,9,720,26168.0,0.051065,512444.923137,513096.0,1.0,2,26.932325,279797.183812,279797.183812,5545186.706850999,16656200.6553642,634362.7064236,17003776.041181598,128113915.5263136,50,0,3
Z3,16,9,720,48816.0,0.05118,953810.082063,957176.0,1.0,2,26.932325,368070.215598,368070.215598,5545186.706850999,16656200.6553642,634362.7064236,17003776.041181598,128113915.5263136,50,0,3
Z3,17,9,720,38664.0,0.05108,756930.305403,758112.0,1.0,2,26.932325,328694.260266,328694.260266,5545186.706850999,16656200.6553642,634362.7064236,17003776.041181598,128113915.5263136,50,0,3
Z3,18,9,720,19912.0,0.051053,390026.051358,390424.0,1.0,2,26.932325,255313.409457,255313.409457,5545186.706850999,16656200.6553642,634362.7064236,17003776.041181598,128113915.5263136,50,0,3
Z3,19,9,720,61688.0,0.051244,1203809.226446,1209568.0,1.0,2,26.932325,418070.044474,418070.044474,5545186.706850999,16656200.6553642,634362.7064236,17003776.041181598,128113915.5263136,50,0,3
Z3,20,9,720,59200.0,0.051215,1155911.354095,1160784.0,1.0,2,26.932325,408490.470004,408490.470004,5545186.706850999,16656200.6553642,634362.7064236,17003776.041181598,128113915.5263136,50,0,3
Z3,21,9,720,41064.0,0.051094,803695.150115,805176.0,1.0,2,26.932325,338047.229208,338047.229208,5545186.706850999,16656200.6553642,634362.7064236,17003776.041181598,128113915.5263136,50,0,3
Z3,22,9,720,55576.0,0.051168,1086147.592245,1089720.0,1.0,2,26.932325,394537.717634,394537.717634,5545186.706850999,16656200.6553642,634362.7064236,17003776.041181598,128113915.5263136,50,0,3
Z3,23,9,720,50200.0,0.051241,979684.237232,984312.0,1.0,2,26.932325,373245.046631,373245.046631,5545186.706850999,16656200.6553642,634362.7064236,17003776.041181598,128113915.5263136,50,0,3
Z3,24,9,720,30056.0,0.051153,587570.621469,589328.0,1.0,2,26.932325,294822.323479,294822.323479,5545186.706850999,16656200.6553642,634362.7064236,17003776.041181598,128113915.5263136,50,0,3
Z3,25,9,720,59504.0,0.051191,1162391.826688,1166744.0,1.0,2,26.932325,409786.564523,409786.564523,5545186.706850999,16656200.6553642,634362.7064236,17003776.041181598,128113915.5263136,50,0,3
Z3,26,9,720,65232.0,0.051266,1272422.26817,1279056.0,1.0,2,26.932325,431792.652819,431792.652819,5545186.706850999,16656200.6553642,634362.7064236,17003776.041181598,128113915.5263136,50,0,3
Z3,27,9,720,36648.0,0.051232,715334.166146,718584.0,1.0,2,26.932325,320375.032414,320375.032414,5545186.706850999,16656200.6553642,634362.7064236,17003776.041181598,128113915.5263136,50,0,3
Z3,28,9,720,8856.0,0.051048,173483.779972,173640.0,1.0,2,26.932325,212004.955179,212004.955179,5545186.706850999,16656200.6553642,634362.7064236,17003776.041181598,128113915.5263136,50,0,3
Z3,29,9,720,14088.0,0.050991,276284.050126,281760.0,1.0,2,26.932325,232565.00921,232565.00921,5545186.706850999,16656200.6553642,634362.7064236,17003776.041181598,128113915.5263136,50,0,3
Z3,30,9,720,15104.0,0.051032,295971.155354,296152.0,1.0,2,26.932325,236502.430256,236502.430256,5545186.706850999,16656200.6553642,634362.7064236,17003776.041181598,128113915.5263136,50,0,3
Z3,31,9,720,11784.0,0.051213,230097.826724,231056.0,1.0,2,26.932325,223327.76453,223327.76453,5545186.706850999,16656200.6553642,634362.7064236,17003776.041181598,128113915.5263136,50,0,3
Z3,32,9,720,18496.0,0.051132,361730.423218,362664.0,1.0,2,26.932325,249654.283829,249654.283829,5545186.706850999,16656200.6553642,634362.7064236,17003776.041181598,128113915.5263136,50,0,3
Z3,33,9,720,22376.0,0.353926,63222.2555,63384.0,1.0,2,26.932325,189952.650285,189952.650285,5545186.706850999,16656200.6553642,634362.7064236,17003776.041181598,128113915.5263136,50,0,3
Z3,34,9,720,8792.0,0.050971,172490.239548,175840.0,1.0,2,26.932325,211806.247095,211806.247095,5545186.706850999,16656200.6553642,634362.7064236,17003776.041181598,128113915.5263136,50,0,3
Z3,35,9,720,19464.0,0.051076,381079.17613,381640.0,1.0,2,26.932325,253524.034411,253524.034411,5545186.706850999,16656200.6553642,634362.7064236,17003776.041181598,128113915.5263136,50,0,3
Z3,36,9,720,20360.0,0.051677,393985.718985,399208.0,1.0,2,26.932325,256105.342982,256105.342982,5545186.706850999,16656200.6553642,634362.7064236,17003776.041181598,128113915.5263136,50,0,3
Z3,37,9,720,11344.0,0.05106,222169.996083,222424.0,1.0,2,26.932325,221742.198402,221742.198402,5545186.706850999,16656200.6553642,634362.7064236,17003776.041181598,128113915.5263136,50,0,3
Z3,38,9,720,15808.0,0.050876,310716.251278,316160.0,1.0,2,26.932325,239451.449441,239451.449441,5545186.706850999,16656200.6553642,634362.7064236,17003776.041181598,128113915.5263136,50,0,3
Z1,0,10,720,7480.0,0.171531,43607.277985,43736.0,1.0,2,30.774038,197704.956571,197704.956571,5545186.706850999,16656200.6553642,634362.7064236,17003776.041181598,128113915.5263136,50,0,3
Z2,0,10,720,6624.0,0.173278,38227.588038,38288.0,1.0,2,30.774038,196629.018581,196629.018581,5545186.706850999,16656200.6553642,634362.7064236,17003776.041181598,128113915.5263136,50,0,3
Z2,1,10,720,7008.0,0.050955,137533.117457,140160.0,1.0,2,30.774038,216490.124465,216490.124465,5545186.706850999,16656200.6553642,634362.7064236,17003776.041181598,128113915.5263136,50,0,3
Z2,2,10,720,7832.0,0.050973,153649.971554,156640.0,1.0,2,30.774038,219713.495284,219713.495284,5545186.706850999,16656200.6553642,634362.7064236,17003776.041181598,128113915.5263136,50,0,3
Z2,3,10,720,29728.0,0.051107,581681.570039,582896.0,1.0,2,30.774038,305319.814981,305319.814981,5545186.706850999,16656200.6553642,634362.7064236,17003776.041181598,128113915.5263136,50,0,3
Z2,4,10,720,35840.0,0.051145,700752.761756,702744.0,1.0,2,30.774038,329134.053325,329134.053325,5545186.706850999,16656200.6553642,634362.7064236,17003776.041181598,128113915.5263136,50,0,3
Z2,5,10,720,43888.0,0.051206,857087.06011,860544.0,1.0,2,30.774038,360400.912996,360400.912996,5545186.706850999,16656200.6553642,634362.7064236,17003776.041181598,128113915.5263136,50,0,3
Z2,6,10,720,17936.0,0.051031,351472.634281,351680.0,1.0,2,30.774038,259278.02783,259278.02783,5545186.706850999,16656200.6553642,634362.7064236,17003776.041181598,128113915.5263136,50,0,3
Z2,7,10,720,24920.0,0.051062,488034.154557,488624.0,1.0,2,30.774038,286590.331885,286590.331885,5545186.706850999,16656200.6553642,634362.7064236,17003776.041181598,128113915.5263136,50,0,3
Z3,0,10,720,6840.0,0.173075,39520.439116,39536.0,1.0,2,30.774038,196887.588797,196887.588797,5545186.706850999,16656200.6553642,634362.7064236,17003776.041181598,128113915.5263136,50,0,3
Z3,1,10,720,22064.0,0.051252,430500.27316,432624.0,1.0,2,30.774038,275083.555606,275083.555606,5545186.706850999,16656200.6553642,634362.7064236,17003776.041181598,128113915.5263136,50,0,3
Z3,2,10,720,15312.0,0.051041,299994.122372,300232.0,1.0,2,30.774038,248982.325448,248982.325448,5545186.706850999,16656200.6553642,634362.7064236,17003776.041181598,128113915.5263136,50,0,3
Z3,3,10,720,7752.0,0.050903,152289.64894,155040.0,1.0,2,30.774038,219441.430762,219441.430762,5545186.706850999,16656200.6553642,634362.7064236,17003776.041181598,128113915.5263136,50,0,3
Z3,4,10,720,11432.0,0.05101,224112.919035,224152.0,1.0,2,30.774038,233806.084781,233806.084781,5545186.706850999,16656200.6553642,634362.7064236,17003776.041181598,128113915.5263136,50,0,3
Z3,5,10,720,17232.0,0.050964,338121.026607,344640.0,1.0,2,30.774038,256607.706295,256607.706295,5545186.706850999,16656200.6553642,634362.7064236,17003776.041181598,128113915.5263136,50,0,3
Z3,6,10,720,23328.0,0.051008,457340.025094,457408.0,1.0,2,30.774038,280451.505992,280451.505992,5545186.706850999,16656200.6553642,634362.7064236,17003776.041181598,128113915.5263136,50,0,3
Z3,7,10,720,18496.0,0.050979,362816.061516,369920.0,1.0,2,30.774038,261546.713277,261546.713277,5545186.706850999,16656200.6553642,634362.7064236,17003776.041181598,128113915.5263136,50,0,3
Z3,8,10,720,7968.0,0.050966,156339.520465,159360.0,1.0,2,30.774038,220251.405066,220251.405066,5545186.706850999,16656200.6553642,634362.7064236,17003776.041181598,128113915.5263136,50,0,3
Z3,9,10,720,19568.0,0.051013,383588.49705,383680.0,1.0,2,30.774038,265701.200384,265701.200384,5545186.706850999,16656200.6553642,634362.7064236,17003776.041181598,128113915.5263136,50,0,3
Z3,10,10,720,36064.0,0.05104,706583.0721,707136.0,1.0,2,30.774038,330300.115394,330300.115394,5545186.706850999,16656200.6553642,634362.7064236,17003776.041181598,128113915.5263136,50,0,3
Z3,11,10,720,29248.0,0.051043,573007.072468,573488.0,1.0,2,30.774038,303584.915467,303584.915467,5545186.706850999,16656200.6553642,634362.7064236,17003776.041181598,128113915.5263136,50,0,3
Z3,12,10,720,24216.0,0.051035,474497.893602,474816.0,1.0,2,30.774038,283883.079694,283883.079694,5545186.706850999,16656200.6553642,634362.7064236,17003776.041181598,128113915.5263136,50,0,3
Z3,13,10,720,54424.0,0.051197,1063031.036975,1067136.0,1.0,2,30.774038,401589.708369,401589.708369,5545186.706850999,16656200.6553642,634362.7064236,17003776.041181598,128113915.5263136,50,0,3
Z3,14,10,720,56832.0,0.051143,1111237.119449,1114352.0,1.0,2,30.774038,411230.924863,411230.924863,5545186.706850999,16656200.6553642,634362.7064236,17003776.041181598,128113915.5263136,50,0,3
Z3,15,10,720,29576.0,0.051012,579785.148592,579920.0,1.0,2,30.774038,304940.530692,304940.530692,5545186.706850999,16656200.6553642,634362.7064236,17003776.041181598,128113915.5263136,50,0,3
Z3,16,10,720,52328.0,0.051092,1024191.654271,1026032.0,1.0,2,30.774038,393821.831828,393821.831828,5545186.706850999,16656200.6553642,634362.7064236,17003776.041181598,128113915.5263136,50,0,3
Z3,17,10,720,52840.0,0.051188,1032273.189029,1036072.0,1.0,2,30.774038,395438.138779,395438.138779,5545186.706850999,16656200.6553642,634362.7064236,17003776.041181598,128113915.5263136,50,0,3
Z3,18,10,720,35136.0,0.051095,687660.240728,688936.0,1.0,2,30.774038,326515.549119,326515.549119,5545186.706850999,16656200.6553642,634362.7064236,17003776.041181598,128113915.5263136,50,0,3
Z3,19,10,720,23160.0,0.051044,453726.197007,454112.0,1.0,2,30.774038,279728.740375,279728.740375,5545186.706850999,16656200.6553642,634362.7064236,17003776.041181598,128113915.5263136,50,0,3
Z3,20,10,720,77048.0,0.051444,1497706.243682,1510744.0,1.0,2,30.774038,488524.74971,488524.74971,5545186.706850999,16656200.6553642,634362.7064236,17003776.041181598,128113915.5263136,50,0,3
Z3,21,10,720,68968.0,0.051273,1345113.412517,1352312.0,1.0,2,30.774038,458006.183477,458006.183477,5545186.706850999,16656200.6553642,634362.7064236,17003776.041181598,128113915.5263136,50,0,3
Z3,22,10,720,52224.0,0.051262,1018766.337638,1024000.0,1.0,2,30.774038,392736.768501,392736.768501,5545186.706850999,16656200.6553642,634362.7064236,17003776.041181598,128113915.5263136,50,0,3
Z3,23,10,720,76384.0,0.05123,1491001.366387,1497720.0,1.0,2,30.774038,487183.774251,487183.774251,5545186.706850999,16656200.6553642,634362.7064236,17003776.041181598,128113915.5263136,50,0,3
Z3,24,10,720,57512.0,0.051244,1122316.759035,1127680.0,1.0,2,30.774038,413446.852781,413446.852781,5545186.706850999,16656200.6553642,634362.7064236,17003776.041181598,128113915.5263136,50,0,3
Z3,25,10,720,35600.0,0.051045,697423.841708,698032.0,1.0,2,30.774038,328468.269315,328468.269315,5545186.706850999,16656200.6553642,634362.7064236,17003776.041181598,128113915.5263136,50,0,3
Z3,26,10,720,72816.0,0.051292,1419636.590501,1427760.0,1.0,2,30.774038,472910.819074,472910.819074,5545186.706850999,16656200.6553642,634362.7064236,17003776.041181598,128113915.5263136,50,0,3
Z3,27,10,720,93600.0,0.152685,613026.819923,615784.0,1.0,2,30.774038,311588.864958,311588.864958,5545186.706850999,16656200.6553642,634362.7064236,17003776.041181598,128113915.5263136,50,0,3
Z3,28,10,720,23040.0,0.051127,450642.517652,451760.0,1.0,2,30.774038,279112.004504,279112.004504,5545186.706850999,16656200.6553642,634362.7064236,17003776.041181598,128113915.5263136,50,0,3
Z3,29,10,720,35840.0,0.05114,700821.274932,702744.0,1.0,2,30.774038,329147.75596,329147.75596,5545186.706850999,16656200.6553642,634362.7064236,17003776.041181598,128113915.5263136,50,0,3
Z3,30,10,720,13072.0,0.05164,253137.103021,256312.0,1.0,2,30.774038,239610.921578,239610.921578,5545186.706850999,16656200.6553642,634362.7064236,17003776.041181598,128113915.5263136,50,0,3
Z3,31,10,720,20608.0,0.051123,403106.233985,404072.0,1.0,2,30.774038,269604.747771,269604.747771,5545186.706850999,16656200.6553642,634362.7064236,17003776.041181598,128113915.5263136,50,0,3
Z3,32,10,720,22584.0,0.051091,442034.80065,442816.0,1.0,2,30.774038,277390.461104,277390.461104,5545186.706850999,16656200.6553642,634362.7064236,17003776.041181598,128113915.5263136,50,0,3
Z3,33,10,720,14712.0,0.051053,288171.116291,288464.0,1.0,2,30.774038,246617.724232,246617.724232,5545186.706850999,16656200.6553642,634362.7064236,17003776.041181598,128113915.5263136,50,0,3
Z3,34,10,720,20512.0,0.051056,401754.935757,402192.0,1.0,2,30.774038,269334.488125,269334.488125,5545186.706850999,16656200.6553642,634362.7064236,17003776.041181598,128113915.5263136,50,0,3
Z3,35,10,720,17992.0,0.051062,352355.959422,352784.0,1.0,2,30.774038,259454.692858,259454.692858,5545186.706850999,16656200.6553642,634362.7064236,17003776.041181598,128113915.5263136,50,0,3
Z3,36,10,720,11464.0,0.051038,224616.952075,224784.0,1.0,2,30.774038,233906.891389,233906.891389,5545186.706850999,16656200.6553642,634362.7064236,17003776.041181598,128113915.5263136,50,0,3
Z3,37,10,720,22376.0,0.051135,437586.780092,438744.0,1.0,2,30.774038,276500.856992,276500.856992,5545186.706850999,16656200.6553642,634362.7064236,17003776.041181598,128113915.5263136,50,0,3
Z3,38,10,720,29088.0,0.051126,568947.306654,570352.0,1.0,2,30.774038,302772.962304,302772.962304,5545186.706850999,16656200.6553642,634362.7064236,17003776.041181598,128113915.5263136,50,0,3
