Zone, Tile_no, Seg_no, Reso, Seg_d_size, Seg_d_time, Bitrate, Bitrate1, Buf_lev, Buf_limit, Elapsed, Ref_vp, Local_avg
Z1, 0, 1, 720, 9960.000000, 0.173701, 57339.911687, 57568.000000, 1.000000, 2, 0.000061, 57339.911687, 57339.911687
Z2, 0, 1, 720, 8952.000000, 0.174037, 51437.338037, 51448.000000, 1.000000, 2, 0.000061, 25718.669019, 25718.669019
Z2, 1, 1, 720, 5424.000000, 0.050941, 106476.119432, 108480.000000, 1.000000, 2, 0.000061, 35492.039811, 35492.039811
Z2, 2, 1, 720, 7080.000000, 0.050992, 138845.309068, 141600.000000, 1.000000, 2, 0.000061, 34711.327267, 34711.327267
Z2, 3, 1, 720, 18976.000000, 0.051070, 371568.435481, 372072.000000, 1.000000, 2, 0.000061, 74313.687096, 74313.687096
Z2, 4, 1, 720, 8720.000000, 0.050990, 171013.924299, 174400.000000, 1.000000, 2, 0.000061, 34202.784860, 34202.784860
Z2, 5, 1, 720, 8336.000000, 0.050998, 163457.390486, 166720.000000, 1.000000, 2, 0.000061, 32691.478097, 32691.478097
Z2, 6, 1, 720, 6376.000000, 0.050964, 125107.919316, 127520.000000, 1.000000, 2, 0.000061, 25021.583863, 25021.583863
Z2, 7, 1, 720, 6872.000000, 0.050951, 134874.683519, 137440.000000, 1.000000, 2, 0.000061, 26974.936704, 26974.936704
Z3, 0, 1, 720, 7080.000000, 0.172832, 40964.636178, 41160.000000, 1.000000, 2, 0.000061, 8192.927236, 8192.927236
Z3, 1, 1, 720, 7080.000000, 0.051046, 138698.428868, 138816.000000, 1.000000, 2, 0.000061, 27739.685774, 27739.685774
Z3, 2, 1, 720, 5664.000000, 0.050962, 111141.634944, 113280.000000, 1.000000, 2, 0.000061, 22228.326989, 22228.326989
Z3, 3, 1, 720, 7080.000000, 0.051014, 138785.431450, 138816.000000, 1.000000, 2, 0.000061, 27757.086290, 27757.086290
Z3, 4, 1, 720, 7080.000000, 0.050995, 138837.140896, 141600.000000, 1.000000, 2, 0.000061, 27767.428179, 27767.428179
Z3, 5, 1, 720, 5664.000000, 0.051008, 111041.405270, 111056.000000, 1.000000, 2, 0.000061, 22208.281054, 22208.281054
Z3, 6, 1, 720, 7080.000000, 0.051071, 138630.533963, 138816.000000, 1.000000, 2, 0.000061, 27726.106793, 27726.106793
Z3, 7, 1, 720, 7080.000000, 0.051033, 138733.760508, 138816.000000, 1.000000, 2, 0.000061, 27746.752102, 27746.752102
Z3, 8, 1, 720, 5664.000000, 0.051006, 111045.759322, 111056.000000, 1.000000, 2, 0.000061, 22209.151864, 22209.151864
Z3, 9, 1, 720, 7080.000000, 0.050988, 138856.201459, 141600.000000, 1.000000, 2, 0.000061, 27771.240292, 27771.240292
Z3, 10, 1, 720, 12904.000000, 0.051047, 252786.647599, 253016.000000, 1.000000, 2, 0.000061, 50557.329520, 50557.329520
Z3, 11, 1, 720, 17344.000000, 0.051070, 339612.296847, 340072.000000, 1.000000, 2, 0.000061, 67922.459369, 67922.459369
Z3, 12, 1, 720, 16912.000000, 0.051071, 331146.834799, 331600.000000, 1.000000, 2, 0.000061, 66229.366960, 66229.366960
Z3, 13, 1, 720, 13240.000000, 0.051031, 259450.138151, 259600.000000, 1.000000, 2, 0.000061, 51890.027630, 51890.027630
Z3, 14, 1, 720, 28328.000000, 0.051158, 553735.486141, 555448.000000, 1.000000, 2, 0.000061, 110747.097228, 110747.097228
Z3, 15, 1, 720, 30528.000000, 0.051129, 597077.979229, 598584.000000, 1.000000, 2, 0.000061, 119415.595846, 119415.595846
Z3, 16, 1, 720, 16360.000000, 0.051041, 320526.635450, 320784.000000, 1.000000, 2, 0.000061, 64105.327090, 64105.327090
Z3, 17, 1, 720, 33216.000000, 0.051268, 647889.521729, 651288.000000, 1.000000, 2, 0.000061, 129577.904346, 129577.904346
Z3, 18, 1, 720, 28000.000000, 0.051157, 547334.675606, 549016.000000, 1.000000, 2, 0.000061, 109466.935121, 109466.935121
Z3, 19, 1, 720, 15744.000000, 0.051060, 308343.125734, 308704.000000, 1.000000, 2, 0.000061, 61668.625147, 61668.625147
Z3, 20, 1, 720, 16024.000000, 0.051089, 313648.730647, 314192.000000, 1.000000, 2, 0.000061, 62729.746129, 62729.746129
Z3, 21, 1, 720, 11576.000000, 0.051023, 226878.074594, 226976.000000, 1.000000, 2, 0.000061, 45375.614919, 45375.614919
Z3, 22, 1, 720, 10816.000000, 0.051084, 211729.700102, 212072.000000, 1.000000, 2, 0.000061, 42345.940020, 42345.940020
Z3, 23, 1, 720, 13224.000000, 0.051065, 258964.065407, 259288.000000, 1.000000, 2, 0.000061, 51792.813081, 51792.813081
Z3, 24, 1, 720, 17528.000000, 0.051067, 343235.357472, 343680.000000, 1.000000, 2, 0.000061, 68647.071494, 68647.071494
Z3, 25, 1, 720, 23824.000000, 0.051082, 466387.377158, 467136.000000, 1.000000, 2, 0.000061, 93277.475432, 93277.475432
Z3, 26, 1, 720, 11024.000000, 0.051017, 216084.834467, 216152.000000, 1.000000, 2, 0.000061, 43216.966893, 43216.966893
Z3, 27, 1, 720, 15112.000000, 0.051055, 295994.515718, 296312.000000, 1.000000, 2, 0.000061, 59198.903144, 59198.903144
Z3, 28, 1, 720, 24552.000000, 0.051109, 480385.059383, 481408.000000, 1.000000, 2, 0.000061, 96077.011877, 96077.011877
Z3, 29, 1, 720, 10824.000000, 0.051067, 211956.841013, 212232.000000, 1.000000, 2, 0.000061, 42391.368203, 42391.368203
Z3, 30, 1, 720, 6872.000000, 0.050896, 135020.433826, 137440.000000, 1.000000, 2, 0.000061, 27004.086765, 27004.086765
Z3, 31, 1, 720, 6872.000000, 0.050998, 134750.382368, 137440.000000, 1.000000, 2, 0.000061, 26950.076474, 26950.076474
Z3, 32, 1, 720, 6376.000000, 0.050969, 125095.646373, 127520.000000, 1.000000, 2, 0.000061, 25019.129275, 25019.129275
Z3, 33, 1, 720, 6872.000000, 0.051008, 134723.964868, 134744.000000, 1.000000, 2, 0.000061, 26944.792974, 26944.792974
Z3, 34, 1, 720, 6872.000000, 0.051013, 134710.760002, 134744.000000, 1.000000, 2, 0.000061, 26942.152000, 26942.152000
Z3, 35, 1, 720, 6376.000000, 0.050992, 125039.221839, 127520.000000, 1.000000, 2, 0.000061, 25007.844368, 25007.844368
Z3, 36, 1, 720, 6872.000000, 0.051021, 134689.637600, 134744.000000, 1.000000, 2, 0.000061, 26937.927520, 26937.927520
Z3, 37, 1, 720, 6872.000000, 0.051011, 134716.041638, 134744.000000, 1.000000, 2, 0.000061, 26943.208328, 26943.208328
Z3, 38, 1, 720, 6376.000000, 0.051009, 124997.549452, 125016.000000, 1.000000, 2, 0.000061, 24999.509890, 24999.509890
Z1, 0, 2, 720, 18392.000000, 0.172153, 106835.198922, 106928.000000, 1.000000, 2, 2.823471, 46366.549675, 46366.549675
Z2, 0, 2, 720, 7080.000000, 0.171536, 41274.134875, 41400.000000, 1.000000, 2, 2.823471, 33254.336866, 33254.336866
Z2, 1, 2, 720, 12648.000000, 0.051006, 247970.826962, 248000.000000, 1.000000, 2, 2.823471, 74593.675283, 74593.675283
Z2, 2, 2, 720, 15344.000000, 0.050955, 301128.446669, 306880.000000, 1.000000, 2, 2.823471, 85225.199224, 85225.199224
Z2, 3, 2, 720, 9160.000000, 0.050838, 180180.180180, 183200.000000, 1.000000, 2, 2.823471, 61035.545926, 61035.545926
Z2, 4, 2, 720, 8048.000000, 0.050949, 157961.883452, 160960.000000, 1.000000, 2, 2.823471, 56591.886581, 56591.886581
Z2, 5, 2, 720, 9320.000000, 0.050967, 182863.421430, 186400.000000, 1.000000, 2, 2.823471, 61572.194176, 61572.194176
Z2, 6, 2, 720, 6376.000000, 0.050949, 125144.752596, 127520.000000, 1.000000, 2, 2.823471, 50028.460410, 50028.460410
Z2, 7, 2, 720, 6872.000000, 0.050867, 135097.410895, 137440.000000, 1.000000, 2, 2.823471, 52018.992069, 52018.992069
Z3, 0, 2, 720, 6624.000000, 0.173394, 38202.013911, 38288.000000, 1.000000, 2, 2.823471, 32639.912673, 32639.912673
Z3, 1, 2, 720, 5424.000000, 0.050917, 106526.307520, 108480.000000, 1.000000, 2, 2.823471, 46304.771394, 46304.771394
Z3, 2, 2, 720, 7080.000000, 0.050930, 139014.333399, 141600.000000, 1.000000, 2, 2.823471, 52802.376570, 52802.376570
Z3, 3, 2, 720, 7080.000000, 0.050896, 139107.198994, 141600.000000, 1.000000, 2, 2.823471, 52820.949689, 52820.949689
Z3, 4, 2, 720, 5664.000000, 0.050906, 111263.898165, 113280.000000, 1.000000, 2, 2.823471, 47252.289523, 47252.289523
Z3, 5, 2, 720, 7080.000000, 0.050928, 139019.792648, 141600.000000, 1.000000, 2, 2.823471, 52803.468420, 52803.468420
Z3, 6, 2, 720, 7080.000000, 0.050933, 139006.145328, 141600.000000, 1.000000, 2, 2.823471, 52800.738956, 52800.738956
Z3, 7, 2, 720, 5664.000000, 0.050883, 111314.191380, 113280.000000, 1.000000, 2, 2.823471, 47262.348166, 47262.348166
Z3, 8, 2, 720, 7080.000000, 0.050921, 139038.903399, 141600.000000, 1.000000, 2, 2.823471, 52807.290570, 52807.290570
Z3, 9, 2, 720, 7080.000000, 0.050947, 138967.947082, 141600.000000, 1.000000, 2, 2.823471, 52793.099307, 52793.099307
Z3, 10, 2, 720, 5664.000000, 0.050890, 111298.879937, 113280.000000, 1.000000, 2, 2.823471, 47259.285878, 47259.285878
Z3, 11, 2, 720, 7080.000000, 0.050968, 138910.689060, 141600.000000, 1.000000, 2, 2.823471, 52781.647702, 52781.647702
Z3, 12, 2, 720, 17112.000000, 0.051030, 335332.157554, 335528.000000, 1.000000, 2, 2.823471, 92065.941401, 92065.941401
Z3, 13, 2, 720, 15320.000000, 0.050987, 300468.746935, 306400.000000, 1.000000, 2, 2.823471, 85093.259278, 85093.259278
Z3, 14, 2, 720, 10704.000000, 0.050840, 210542.879622, 214080.000000, 1.000000, 2, 2.823471, 67108.085815, 67108.085815
Z3, 15, 2, 720, 18776.000000, 0.051047, 367817.893314, 368152.000000, 1.000000, 2, 2.823471, 98563.088553, 98563.088553
Z3, 16, 2, 720, 21848.000000, 0.051063, 427863.619450, 428392.000000, 1.000000, 2, 2.823471, 110572.233781, 110572.233781
Z3, 17, 2, 720, 12752.000000, 0.050958, 250245.300051, 255040.000000, 1.000000, 2, 2.823471, 75048.569901, 75048.569901
Z3, 18, 2, 720, 21856.000000, 0.050978, 428733.963671, 437120.000000, 1.000000, 2, 2.823471, 110746.302625, 110746.302625
Z3, 19, 2, 720, 16880.000000, 0.050951, 331298.698750, 337600.000000, 1.000000, 2, 2.823471, 91259.249640, 91259.249640
Z3, 20, 2, 720, 12128.000000, 0.050985, 237873.884476, 242560.000000, 1.000000, 2, 2.823471, 72574.286786, 72574.286786
Z3, 21, 2, 720, 11592.000000, 0.051001, 227289.660987, 227288.000000, 1.000000, 2, 2.823471, 70457.442088, 70457.442088
Z3, 22, 2, 720, 9952.000000, 0.050892, 195551.363672, 199040.000000, 1.000000, 2, 2.823471, 64109.782625, 64109.782625
Z3, 23, 2, 720, 11064.000000, 0.050899, 217371.657596, 221280.000000, 1.000000, 2, 2.823471, 68473.841410, 68473.841410
Z3, 24, 2, 720, 14728.000000, 0.050989, 288846.613976, 294560.000000, 1.000000, 2, 2.823471, 82768.832686, 82768.832686
Z3, 25, 2, 720, 16264.000000, 0.051000, 318901.960784, 318896.000000, 1.000000, 2, 2.823471, 88779.902047, 88779.902047
Z3, 26, 2, 720, 9504.000000, 0.050944, 186557.788945, 190080.000000, 1.000000, 2, 2.823471, 62311.067679, 62311.067679
Z3, 27, 2, 720, 12688.000000, 0.050970, 248930.743575, 253760.000000, 1.000000, 2, 2.823471, 74785.658605, 74785.658605
Z3, 28, 2, 720, 17320.000000, 0.050915, 340174.801139, 346400.000000, 1.000000, 2, 2.823471, 93034.470118, 93034.470118
Z3, 29, 2, 720, 10632.000000, 0.050871, 208999.233355, 212640.000000, 1.000000, 2, 2.823471, 66799.356561, 66799.356561
Z3, 30, 2, 720, 6872.000000, 0.050883, 135054.929937, 137440.000000, 1.000000, 2, 2.823471, 52010.495878, 52010.495878
Z3, 31, 2, 720, 6872.000000, 0.050914, 134972.699061, 137440.000000, 1.000000, 2, 2.823471, 51994.049703, 51994.049703
Z3, 32, 2, 720, 6376.000000, 0.050910, 125240.620703, 127520.000000, 1.000000, 2, 2.823471, 50047.634031, 50047.634031
Z3, 33, 2, 720, 6872.000000, 0.050908, 134988.606899, 137440.000000, 1.000000, 2, 2.823471, 51997.231270, 51997.231270
Z3, 34, 2, 720, 6872.000000, 0.050922, 134951.494442, 137440.000000, 1.000000, 2, 2.823471, 51989.808779, 51989.808779
Z3, 35, 2, 720, 6376.000000, 0.050914, 125230.781318, 127520.000000, 1.000000, 2, 2.823471, 50045.666154, 50045.666154
Z3, 36, 2, 720, 6872.000000, 0.050927, 134938.244939, 137440.000000, 1.000000, 2, 2.823471, 51987.158878, 51987.158878
Z3, 37, 2, 720, 6872.000000, 0.050889, 135039.006465, 137440.000000, 1.000000, 2, 2.823471, 52007.311183, 52007.311183
Z3, 38, 2, 720, 6376.000000, 0.050849, 125390.863144, 127520.000000, 1.000000, 2, 2.823471, 50077.682519, 50077.682519
Z1, 0, 3, 720, 9896.000000, 0.176514, 56063.541702, 56224.000000, 1.000000, 2, 5.639893, 61290.390860, 61290.390860
Z2, 0, 3, 720, 6624.000000, 0.171861, 38542.775848, 38736.000000, 1.000000, 2, 5.639893, 57786.237689, 57786.237689
Z2, 1, 3, 720, 5424.000000, 0.050757, 106862.107690, 108480.000000, 1.000000, 2, 5.639893, 71450.104057, 71450.104057
Z2, 2, 3, 720, 7080.000000, 0.050795, 139383.797618, 141600.000000, 1.000000, 2, 5.639893, 77954.442043, 77954.442043
Z2, 3, 3, 720, 18632.000000, 0.051026, 365147.179869, 365328.000000, 1.000000, 2, 5.639893, 123107.118493, 123107.118493
Z2, 4, 3, 720, 9664.000000, 0.050942, 189705.940089, 193280.000000, 1.000000, 2, 5.639893, 88018.870537, 88018.870537
Z2, 5, 3, 720, 8424.000000, 0.050907, 165478.224999, 168480.000000, 1.000000, 2, 5.639893, 83173.327519, 83173.327519
Z2, 6, 3, 720, 6376.000000, 0.050915, 125228.321713, 127520.000000, 1.000000, 2, 5.639893, 75123.346862, 75123.346862
Z2, 7, 3, 720, 6872.000000, 0.050863, 135108.035311, 137440.000000, 1.000000, 2, 5.639893, 77099.289581, 77099.289581
Z3, 0, 3, 720, 7080.000000, 0.172583, 41023.739302, 41160.000000, 1.000000, 2, 5.639893, 58282.430380, 58282.430380
Z3, 1, 3, 720, 7080.000000, 0.050926, 139025.252327, 141600.000000, 1.000000, 2, 5.639893, 77882.732985, 77882.732985
Z3, 2, 3, 720, 5664.000000, 0.050876, 111329.507037, 113280.000000, 1.000000, 2, 5.639893, 72343.583927, 72343.583927
Z3, 3, 3, 720, 7080.000000, 0.051044, 138703.863334, 138816.000000, 1.000000, 2, 5.639893, 77818.455186, 77818.455186
Z3, 4, 3, 720, 7080.000000, 0.050952, 138954.309939, 141600.000000, 1.000000, 2, 5.639893, 77868.544507, 77868.544507
Z3, 5, 3, 720, 5664.000000, 0.050889, 111301.067028, 113280.000000, 1.000000, 2, 5.639893, 72337.895925, 72337.895925
Z3, 6, 3, 720, 7080.000000, 0.050851, 139230.300289, 141600.000000, 1.000000, 2, 5.639893, 77923.742577, 77923.742577
Z3, 7, 3, 720, 7080.000000, 0.050874, 139167.354641, 141600.000000, 1.000000, 2, 5.639893, 77911.153447, 77911.153447
Z3, 8, 3, 720, 5664.000000, 0.050937, 111196.183521, 113280.000000, 1.000000, 2, 5.639893, 72316.919223, 72316.919223
Z3, 9, 3, 720, 7080.000000, 0.050952, 138954.309939, 141600.000000, 1.000000, 2, 5.639893, 77868.544507, 77868.544507
Z3, 10, 3, 720, 14120.000000, 0.050992, 276906.181362, 282400.000000, 1.000000, 2, 5.639893, 105458.918792, 105458.918792
Z3, 11, 3, 720, 17536.000000, 0.050994, 343883.594148, 350720.000000, 1.000000, 2, 5.639893, 118854.401349, 118854.401349
Z3, 12, 3, 720, 16008.000000, 0.050996, 313906.973096, 320160.000000, 1.000000, 2, 5.639893, 112859.077138, 112859.077138
Z3, 13, 3, 720, 10896.000000, 0.050992, 213680.577345, 217920.000000, 1.000000, 2, 5.639893, 92813.797988, 92813.797988
Z3, 14, 3, 720, 19720.000000, 0.051023, 386492.366188, 386664.000000, 1.000000, 2, 5.639893, 127376.155757, 127376.155757
Z3, 15, 3, 720, 20104.000000, 0.051034, 393933.456127, 394192.000000, 1.000000, 2, 5.639893, 128864.373745, 128864.373745
Z3, 16, 3, 720, 12504.000000, 0.050885, 245730.568930, 250080.000000, 1.000000, 2, 5.639893, 99223.796305, 99223.796305
Z3, 17, 3, 720, 23072.000000, 0.050977, 452596.268906, 461440.000000, 1.000000, 2, 5.639893, 140596.936300, 140596.936300
Z3, 18, 3, 720, 18112.000000, 0.051007, 355088.517262, 355136.000000, 1.000000, 2, 5.639893, 121095.385972, 121095.385972
Z3, 19, 3, 720, 12544.000000, 0.051001, 245955.961648, 245960.000000, 1.000000, 2, 5.639893, 99268.874849, 99268.874849
Z3, 20, 3, 720, 15304.000000, 0.050992, 300125.509884, 306080.000000, 1.000000, 2, 5.639893, 110102.784496, 110102.784496
Z3, 21, 3, 720, 12280.000000, 0.050999, 240789.035079, 245600.000000, 1.000000, 2, 5.639893, 98235.489535, 98235.489535
Z3, 22, 3, 720, 10368.000000, 0.050989, 203337.974857, 207360.000000, 1.000000, 2, 5.639893, 90745.277491, 90745.277491
Z3, 23, 3, 720, 10520.000000, 0.050878, 206769.134007, 210400.000000, 1.000000, 2, 5.639893, 91431.509321, 91431.509321
Z3, 24, 3, 720, 15288.000000, 0.050797, 300962.655275, 305760.000000, 1.000000, 2, 5.639893, 110270.213574, 110270.213574
Z3, 25, 3, 720, 16344.000000, 0.050879, 321232.728631, 326880.000000, 1.000000, 2, 5.639893, 114324.228245, 114324.228245
Z3, 26, 3, 720, 9016.000000, 0.050915, 177079.446136, 180320.000000, 1.000000, 2, 5.639893, 85493.571746, 85493.571746
Z3, 27, 3, 720, 13800.000000, 0.050854, 271365.084359, 276000.000000, 1.000000, 2, 5.639893, 104350.699391, 104350.699391
Z3, 28, 3, 720, 17664.000000, 0.050904, 347006.129184, 353280.000000, 1.000000, 2, 5.639893, 119478.908356, 119478.908356
Z3, 29, 3, 720, 10240.000000, 0.050929, 201064.226668, 204800.000000, 1.000000, 2, 5.639893, 90290.527853, 90290.527853
Z3, 30, 3, 720, 6872.000000, 0.050982, 134792.671923, 137440.000000, 1.000000, 2, 5.639893, 77036.216904, 77036.216904
Z3, 31, 3, 720, 6872.000000, 0.050879, 135065.547672, 137440.000000, 1.000000, 2, 5.639893, 77090.792054, 77090.792054
Z3, 32, 3, 720, 6376.000000, 0.050928, 125196.355639, 127520.000000, 1.000000, 2, 5.639893, 75116.953647, 75116.953647
Z3, 33, 3, 720, 6872.000000, 0.050909, 134985.955332, 137440.000000, 1.000000, 2, 5.639893, 77074.873586, 77074.873586
Z3, 34, 3, 720, 6872.000000, 0.050868, 135094.755052, 137440.000000, 1.000000, 2, 5.639893, 77096.633530, 77096.633530
Z3, 35, 3, 720, 6376.000000, 0.050877, 125321.854669, 127520.000000, 1.000000, 2, 5.639893, 75142.053453, 75142.053453
Z3, 36, 3, 720, 6872.000000, 0.050953, 134869.389437, 137440.000000, 1.000000, 2, 5.639893, 77051.560407, 77051.560407
Z3, 37, 3, 720, 6872.000000, 0.050920, 134956.794973, 137440.000000, 1.000000, 2, 5.639893, 77069.041514, 77069.041514
Z3, 38, 3, 720, 6376.000000, 0.050744, 125650.323191, 127520.000000, 1.000000, 2, 5.639893, 75207.747157, 75207.747157
Z1, 0, 4, 720, 22592.000000, 0.174341, 129585.123408, 129832.000000, 1.000000, 2, 8.459175, 101124.771839, 101124.771839
Z2, 0, 4, 720, 6624.000000, 0.172976, 38294.329849, 38504.000000, 1.000000, 2, 8.459175, 82866.613127, 82866.613127
Z2, 1, 4, 720, 6648.000000, 0.050938, 130511.602340, 132960.000000, 1.000000, 2, 8.459175, 101310.067625, 101310.067625
Z2, 2, 4, 720, 7200.000000, 0.051044, 141054.776271, 141176.000000, 1.000000, 2, 8.459175, 103418.702412, 103418.702412
Z2, 3, 4, 720, 7296.000000, 0.050969, 143145.833742, 145920.000000, 1.000000, 2, 8.459175, 103836.913906, 103836.913906
Z2, 4, 4, 720, 17272.000000, 0.051049, 338341.593371, 338664.000000, 1.000000, 2, 8.459175, 142876.065832, 142876.065832
Z2, 5, 4, 720, 26240.000000, 0.051099, 513512.984599, 514504.000000, 1.000000, 2, 8.459175, 177910.344077, 177910.344077
Z2, 6, 4, 720, 12720.000000, 0.050980, 249509.611612, 254400.000000, 1.000000, 2, 8.459175, 125109.669480, 125109.669480
Z2, 7, 4, 720, 11496.000000, 0.050935, 225699.420830, 229920.000000, 1.000000, 2, 8.459175, 120347.631323, 120347.631323
Z3, 0, 4, 720, 6448.000000, 0.170662, 37782.283109, 37928.000000, 1.000000, 2, 8.459175, 82764.203779, 82764.203779
Z3, 1, 4, 720, 7448.000000, 0.050934, 146228.452507, 148960.000000, 1.000000, 2, 8.459175, 104453.437659, 104453.437659
Z3, 2, 4, 720, 7424.000000, 0.051022, 145505.860217, 145568.000000, 1.000000, 2, 8.459175, 104308.919201, 104308.919201
Z3, 3, 4, 720, 6648.000000, 0.051000, 130352.941176, 130352.000000, 1.000000, 2, 8.459175, 101278.335393, 101278.335393
Z3, 4, 4, 720, 7224.000000, 0.050933, 141833.388962, 144480.000000, 1.000000, 2, 8.459175, 103574.424950, 103574.424950
Z3, 5, 4, 720, 7240.000000, 0.050979, 142019.262834, 144800.000000, 1.000000, 2, 8.459175, 103611.599724, 103611.599724
Z3, 6, 4, 720, 6648.000000, 0.050961, 130452.699123, 132960.000000, 1.000000, 2, 8.459175, 101298.286982, 101298.286982
Z3, 7, 4, 720, 7232.000000, 0.050903, 142074.141013, 144640.000000, 1.000000, 2, 8.459175, 103622.575360, 103622.575360
Z3, 8, 4, 720, 7296.000000, 0.050976, 143126.177024, 145920.000000, 1.000000, 2, 8.459175, 103832.982562, 103832.982562
Z3, 9, 4, 720, 16456.000000, 0.050974, 322831.247303, 329120.000000, 1.000000, 2, 8.459175, 139773.996618, 139773.996618
Z3, 10, 4, 720, 25392.000000, 0.051019, 497696.936435, 497880.000000, 1.000000, 2, 8.459175, 174747.134444, 174747.134444
Z3, 11, 4, 720, 21592.000000, 0.051023, 423181.702370, 423368.000000, 1.000000, 2, 8.459175, 159844.087631, 159844.087631
Z3, 12, 4, 720, 13528.000000, 0.051208, 264177.472270, 265248.000000, 1.000000, 2, 8.459175, 128043.241611, 128043.241611
Z3, 13, 4, 720, 29512.000000, 0.051139, 577093.803164, 578664.000000, 1.000000, 2, 8.459175, 190626.507790, 190626.507790
Z3, 14, 4, 720, 29688.000000, 0.051078, 581228.709033, 582112.000000, 1.000000, 2, 8.459175, 191453.488964, 191453.488964
Z3, 15, 4, 720, 16760.000000, 0.050972, 328807.973005, 335200.000000, 1.000000, 2, 8.459175, 140969.341758, 140969.341758
Z3, 16, 4, 720, 33128.000000, 0.051037, 649097.713424, 649568.000000, 1.000000, 2, 8.459175, 205027.289842, 205027.289842
Z3, 17, 4, 720, 26248.000000, 0.051012, 514545.597114, 514664.000000, 1.000000, 2, 8.459175, 178116.866580, 178116.866580
Z3, 18, 4, 720, 14624.000000, 0.050922, 287184.321119, 292480.000000, 1.000000, 2, 8.459175, 132644.611381, 132644.611381
Z3, 19, 4, 720, 26816.000000, 0.051128, 524487.560632, 525800.000000, 1.000000, 2, 8.459175, 180105.259284, 180105.259284
Z3, 20, 4, 720, 23128.000000, 0.051046, 453081.534302, 453488.000000, 1.000000, 2, 8.459175, 165824.054018, 165824.054018
Z3, 21, 4, 720, 19440.000000, 0.051085, 380542.233532, 381176.000000, 1.000000, 2, 8.459175, 151316.193864, 151316.193864
Z3, 22, 4, 720, 29088.000000, 0.051082, 569437.375201, 570352.000000, 1.000000, 2, 8.459175, 189095.222197, 189095.222197
Z3, 23, 4, 720, 29840.000000, 0.051133, 583576.164121, 585096.000000, 1.000000, 2, 8.459175, 191922.979982, 191922.979982
Z3, 24, 4, 720, 17200.000000, 0.051077, 336746.480803, 337248.000000, 1.000000, 2, 8.459175, 142557.043318, 142557.043318
Z3, 25, 4, 720, 25664.000000, 0.051082, 502407.893191, 503208.000000, 1.000000, 2, 8.459175, 175689.325796, 175689.325796
Z3, 26, 4, 720, 26808.000000, 0.051068, 524947.129318, 525640.000000, 1.000000, 2, 8.459175, 180197.173021, 180197.173021
Z3, 27, 4, 720, 17472.000000, 0.051075, 342085.168869, 342584.000000, 1.000000, 2, 8.459175, 143624.780931, 143624.780931
Z3, 28, 4, 720, 6448.000000, 0.050897, 126687.231075, 128960.000000, 1.000000, 2, 8.459175, 100545.193372, 100545.193372
Z3, 29, 4, 720, 7200.000000, 0.051018, 141126.661178, 141176.000000, 1.000000, 2, 8.459175, 103433.079393, 103433.079393
Z3, 30, 4, 720, 7520.000000, 0.050992, 147474.113586, 150400.000000, 1.000000, 2, 8.459175, 104702.569875, 104702.569875
Z3, 31, 4, 720, 6728.000000, 0.050999, 131924.155376, 134560.000000, 1.000000, 2, 8.459175, 101592.578232, 101592.578232
Z3, 32, 4, 720, 7224.000000, 0.051011, 141616.514085, 141640.000000, 1.000000, 2, 8.459175, 103531.049974, 103531.049974
Z3, 33, 4, 720, 7256.000000, 0.051000, 142274.509804, 142272.000000, 1.000000, 2, 8.459175, 103662.649118, 103662.649118
Z3, 34, 4, 720, 6544.000000, 0.051002, 128308.693777, 128312.000000, 1.000000, 2, 8.459175, 100869.485913, 100869.485913
Z3, 35, 4, 720, 12272.000000, 0.051055, 240368.230340, 240624.000000, 1.000000, 2, 8.459175, 123281.393225, 123281.393225
Z3, 36, 4, 720, 8544.000000, 0.051040, 167398.119122, 167528.000000, 1.000000, 2, 8.459175, 108687.370982, 108687.370982
Z3, 37, 4, 720, 6424.000000, 0.051008, 125941.028858, 125960.000000, 1.000000, 2, 8.459175, 100395.952929, 100395.952929
Z3, 38, 4, 720, 6872.000000, 0.050947, 134885.272931, 137440.000000, 1.000000, 2, 8.459175, 102184.801743, 102184.801743
Z1, 0, 5, 720, 20272.000000, 0.170785, 118698.948971, 119240.000000, 1.000000, 2, 11.280961, 125924.591538, 125924.591538
Z2, 0, 5, 720, 6624.000000, 0.172553, 38388.205363, 38504.000000, 1.000000, 2, 11.280961, 109862.442816, 109862.442816
Z2, 1, 5, 720, 7616.000000, 0.051020, 149274.794198, 149328.000000, 1.000000, 2, 11.280961, 132039.760583, 132039.760583
Z2, 2, 5, 720, 8792.000000, 0.050994, 172412.440679, 175840.000000, 1.000000, 2, 11.280961, 136667.289879, 136667.289879
Z2, 3, 5, 720, 8816.000000, 0.050983, 172920.385226, 176320.000000, 1.000000, 2, 11.280961, 136768.878789, 136768.878789
Z2, 4, 5, 720, 14976.000000, 0.051044, 293393.934645, 293640.000000, 1.000000, 2, 11.280961, 160863.588672, 160863.588672
Z2, 5, 5, 720, 25312.000000, 0.050989, 496420.796642, 506240.000000, 1.000000, 2, 11.280961, 201468.961072, 201468.961072
Z2, 6, 5, 720, 13208.000000, 0.050972, 259122.655576, 264160.000000, 1.000000, 2, 11.280961, 154009.332859, 154009.332859
Z2, 7, 5, 720, 16320.000000, 0.051041, 319742.951745, 320000.000000, 1.000000, 2, 11.280961, 166133.392092, 166133.392092
Z3, 0, 5, 720, 7712.000000, 0.173077, 44558.202419, 44576.000000, 1.000000, 2, 11.280961, 111096.442227, 111096.442227
Z3, 1, 5, 720, 9624.000000, 0.051012, 188661.491414, 188704.000000, 1.000000, 2, 11.280961, 139917.100026, 139917.100026
Z3, 2, 5, 720, 9096.000000, 0.051037, 178223.641672, 178352.000000, 1.000000, 2, 11.280961, 137829.530078, 137829.530078
Z3, 3, 5, 720, 7632.000000, 0.050935, 149838.028860, 152640.000000, 1.000000, 2, 11.280961, 132152.407516, 132152.407516
Z3, 4, 5, 720, 8304.000000, 0.051015, 162775.654219, 162816.000000, 1.000000, 2, 11.280961, 134739.932587, 134739.932587
Z3, 5, 5, 720, 8504.000000, 0.051001, 166741.828592, 166744.000000, 1.000000, 2, 11.280961, 135533.167462, 135533.167462
Z3, 6, 5, 720, 7384.000000, 0.050985, 144826.909875, 147680.000000, 1.000000, 2, 11.280961, 131150.183719, 131150.183719
Z3, 7, 5, 720, 8968.000000, 0.050957, 175991.522264, 179360.000000, 1.000000, 2, 11.280961, 137383.106196, 137383.106196
Z3, 8, 5, 720, 8912.000000, 0.051024, 174662.903732, 174744.000000, 1.000000, 2, 11.280961, 137117.382490, 137117.382490
Z3, 9, 5, 720, 16688.000000, 0.050981, 327337.635590, 333760.000000, 1.000000, 2, 11.280961, 167652.328861, 167652.328861
Z3, 10, 5, 720, 23832.000000, 0.051092, 466452.673608, 467288.000000, 1.000000, 2, 11.280961, 195475.336465, 195475.336465
Z3, 11, 5, 720, 21144.000000, 0.051076, 413971.336831, 414584.000000, 1.000000, 2, 11.280961, 184979.069110, 184979.069110
Z3, 12, 5, 720, 14272.000000, 0.051042, 279612.867834, 279840.000000, 1.000000, 2, 11.280961, 158107.375310, 158107.375310
Z3, 13, 5, 720, 27640.000000, 0.051053, 541398.154859, 541960.000000, 1.000000, 2, 11.280961, 210464.432715, 210464.432715
Z3, 14, 5, 720, 33288.000000, 0.051071, 651798.476631, 652704.000000, 1.000000, 2, 11.280961, 232544.497070, 232544.497070
Z3, 15, 5, 720, 17576.000000, 0.051014, 344532.873329, 344624.000000, 1.000000, 2, 11.280961, 171091.376409, 171091.376409
Z3, 16, 5, 720, 34872.000000, 0.051133, 681986.192870, 683760.000000, 1.000000, 2, 11.280961, 238582.040317, 238582.040317
Z3, 17, 5, 720, 27336.000000, 0.051072, 535244.360902, 536000.000000, 1.000000, 2, 11.280961, 209233.673924, 209233.673924
Z3, 18, 5, 720, 18312.000000, 0.051046, 358735.258394, 359056.000000, 1.000000, 2, 11.280961, 173931.853422, 173931.853422
Z3, 19, 5, 720, 41432.000000, 0.051203, 809171.337617, 812392.000000, 1.000000, 2, 11.280961, 264019.069267, 264019.069267
Z3, 20, 5, 720, 36760.000000, 0.051060, 719937.328633, 720784.000000, 1.000000, 2, 11.280961, 246172.267470, 246172.267470
Z3, 21, 5, 720, 21272.000000, 0.050966, 417376.290076, 425440.000000, 1.000000, 2, 11.280961, 185660.059759, 185660.059759
Z3, 22, 5, 720, 43464.000000, 0.050985, 852486.025302, 869280.000000, 1.000000, 2, 11.280961, 272682.006804, 272682.006804
Z3, 23, 5, 720, 42000.000000, 0.051010, 823367.967065, 823528.000000, 1.000000, 2, 11.280961, 266858.395157, 266858.395157
Z3, 24, 5, 720, 20304.000000, 0.050903, 398876.294128, 406080.000000, 1.000000, 2, 11.280961, 181960.060569, 181960.060569
Z3, 25, 5, 720, 32736.000000, 0.051047, 641291.358944, 641880.000000, 1.000000, 2, 11.280961, 230443.073532, 230443.073532
Z3, 26, 5, 720, 34608.000000, 0.051059, 677804.108972, 678584.000000, 1.000000, 2, 11.280961, 237745.623538, 237745.623538
Z3, 27, 5, 720, 21272.000000, 0.051008, 417032.622334, 417096.000000, 1.000000, 2, 11.280961, 185591.326210, 185591.326210
Z3, 28, 5, 720, 8752.000000, 0.050884, 171999.056678, 175040.000000, 1.000000, 2, 11.280961, 136584.613079, 136584.613079
Z3, 29, 5, 720, 12760.000000, 0.050959, 250397.378285, 255200.000000, 1.000000, 2, 11.280961, 152264.277400, 152264.277400
Z3, 30, 5, 720, 15440.000000, 0.050968, 302935.175012, 308800.000000, 1.000000, 2, 11.280961, 162771.836746, 162771.836746
Z3, 31, 5, 720, 10000.000000, 0.051065, 195828.845589, 196072.000000, 1.000000, 2, 11.280961, 141350.570861, 141350.570861
Z3, 32, 5, 720, 15200.000000, 0.050874, 298777.371545, 304000.000000, 1.000000, 2, 11.280961, 161940.276053, 161940.276053
Z3, 33, 5, 720, 18352.000000, 0.051049, 359497.737468, 359840.000000, 1.000000, 2, 11.280961, 174084.349237, 174084.349237
Z3, 34, 5, 720, 11224.000000, 0.051039, 219910.264700, 220072.000000, 1.000000, 2, 11.280961, 146166.854683, 146166.854683
Z3, 35, 5, 720, 23240.000000, 0.051098, 454812.321422, 455680.000000, 1.000000, 2, 11.280961, 193147.266028, 193147.266028
Z3, 36, 5, 720, 16824.000000, 0.051042, 329610.908663, 329880.000000, 1.000000, 2, 11.280961, 168106.983476, 168106.983476
Z3, 37, 5, 720, 9680.000000, 0.050952, 189982.728843, 193600.000000, 1.000000, 2, 11.280961, 140181.347512, 140181.347512
Z3, 38, 5, 720, 12888.000000, 0.051085, 252285.406675, 252704.000000, 1.000000, 2, 11.280961, 152641.883079, 152641.883079
Z1, 0, 6, 720, 14912.000000, 0.172061, 86666.937888, 86696.000000, 1.000000, 2, 14.100092, 144975.760766, 144975.760766
Z2, 0, 6, 720, 6624.000000, 0.175161, 37816.637265, 37848.000000, 1.000000, 2, 14.100092, 135205.700641, 135205.700641
Z2, 1, 6, 720, 6768.000000, 0.050992, 132726.702228, 135360.000000, 1.000000, 2, 14.100092, 154187.713634, 154187.713634
Z2, 2, 6, 720, 7488.000000, 0.050890, 147140.892120, 149760.000000, 1.000000, 2, 14.100092, 157070.551612, 157070.551612
Z2, 3, 6, 720, 7752.000000, 0.050888, 152334.538595, 155040.000000, 1.000000, 2, 14.100092, 158109.280907, 158109.280907
Z2, 4, 6, 720, 10768.000000, 0.050997, 211149.675471, 215360.000000, 1.000000, 2, 14.100092, 169872.308282, 169872.308282
Z2, 5, 6, 720, 17456.000000, 0.050842, 343338.184965, 349120.000000, 1.000000, 2, 14.100092, 196310.010181, 196310.010181
Z2, 6, 6, 720, 9568.000000, 0.050990, 187644.636203, 191360.000000, 1.000000, 2, 14.100092, 165171.300429, 165171.300429
Z2, 7, 6, 720, 12800.000000, 0.050908, 251433.959299, 256000.000000, 1.000000, 2, 14.100092, 177929.165048, 177929.165048
Z3, 0, 6, 720, 6760.000000, 0.171913, 39322.215307, 39528.000000, 1.000000, 2, 14.100092, 135506.816249, 135506.816249
Z3, 1, 6, 720, 8320.000000, 0.051116, 162767.039674, 163136.000000, 1.000000, 2, 14.100092, 160195.781123, 160195.781123
Z3, 2, 6, 720, 7800.000000, 0.050990, 152971.170818, 156000.000000, 1.000000, 2, 14.100092, 158236.607352, 158236.607352
Z3, 3, 6, 720, 6928.000000, 0.050973, 135915.092304, 138560.000000, 1.000000, 2, 14.100092, 154825.391649, 154825.391649
Z3, 4, 6, 720, 7472.000000, 0.051059, 146340.508040, 146504.000000, 1.000000, 2, 14.100092, 156910.474796, 156910.474796
Z3, 5, 6, 720, 7416.000000, 0.051021, 145351.913918, 145408.000000, 1.000000, 2, 14.100092, 156712.755972, 156712.755972
Z3, 6, 6, 720, 6760.000000, 0.050967, 132634.842153, 135200.000000, 1.000000, 2, 14.100092, 154169.341619, 154169.341619
Z3, 7, 6, 720, 7600.000000, 0.051015, 148975.791434, 149016.000000, 1.000000, 2, 14.100092, 157437.531475, 157437.531475
Z3, 8, 6, 720, 7600.000000, 0.050971, 149104.392694, 152000.000000, 1.000000, 2, 14.100092, 157463.251727, 157463.251727
Z3, 9, 6, 720, 12912.000000, 0.051095, 252705.744202, 253176.000000, 1.000000, 2, 14.100092, 178183.522029, 178183.522029
Z3, 10, 6, 720, 17552.000000, 0.050983, 344271.619952, 351040.000000, 1.000000, 2, 14.100092, 196496.697178, 196496.697178
Z3, 11, 6, 720, 14968.000000, 0.051069, 293093.657601, 293488.000000, 1.000000, 2, 14.100092, 186261.104708, 186261.104708
Z3, 12, 6, 720, 10336.000000, 0.051062, 202420.586738, 202664.000000, 1.000000, 2, 14.100092, 168126.490536, 168126.490536
Z3, 13, 6, 720, 18344.000000, 0.050949, 360046.320831, 366880.000000, 1.000000, 2, 14.100092, 199651.637354, 199651.637354
Z3, 14, 6, 720, 20456.000000, 0.051119, 400164.322463, 401096.000000, 1.000000, 2, 14.100092, 207675.237681, 207675.237681
Z3, 15, 6, 720, 12480.000000, 0.051019, 244614.751367, 244704.000000, 1.000000, 2, 14.100092, 176565.323462, 176565.323462
Z3, 16, 6, 720, 18912.000000, 0.051105, 370061.637805, 370816.000000, 1.000000, 2, 14.100092, 201654.700749, 201654.700749
Z3, 17, 6, 720, 16112.000000, 0.051041, 315667.796477, 315920.000000, 1.000000, 2, 14.100092, 190775.932484, 190775.932484
Z3, 18, 6, 720, 16088.000000, 0.051078, 314969.262696, 315448.000000, 1.000000, 2, 14.100092, 190636.225727, 190636.225727
Z3, 19, 6, 720, 31984.000000, 0.051239, 624212.025996, 627136.000000, 1.000000, 2, 14.100092, 252484.778387, 252484.778387
Z3, 20, 6, 720, 21472.000000, 0.051178, 419555.277658, 421016.000000, 1.000000, 2, 14.100092, 211553.428720, 211553.428720
Z3, 21, 6, 720, 19320.000000, 0.051064, 378348.738838, 378816.000000, 1.000000, 2, 14.100092, 203312.120956, 203312.120956
Z3, 22, 6, 720, 33040.000000, 0.051085, 646765.195263, 647840.000000, 1.000000, 2, 14.100092, 256995.412241, 256995.412241
Z3, 23, 6, 720, 26472.000000, 0.051096, 518083.607327, 519056.000000, 1.000000, 2, 14.100092, 231259.094654, 231259.094654
Z3, 24, 6, 720, 12984.000000, 0.051049, 254343.865698, 254584.000000, 1.000000, 2, 14.100092, 178511.146328, 178511.146328
Z3, 25, 6, 720, 21128.000000, 0.051047, 413893.078927, 414272.000000, 1.000000, 2, 14.100092, 210420.988974, 210420.988974
Z3, 26, 6, 720, 21576.000000, 0.051098, 422247.446084, 423056.000000, 1.000000, 2, 14.100092, 212091.862405, 212091.862405
Z3, 27, 6, 720, 14376.000000, 0.050974, 282026.130969, 287520.000000, 1.000000, 2, 14.100092, 184047.599382, 184047.599382
Z3, 28, 6, 720, 7048.000000, 0.050987, 138231.313864, 140960.000000, 1.000000, 2, 14.100092, 155288.635961, 155288.635961
Z3, 29, 6, 720, 8656.000000, 0.050954, 169878.714134, 173120.000000, 1.000000, 2, 14.100092, 161618.116015, 161618.116015
Z3, 30, 6, 720, 9488.000000, 0.051099, 185678.780407, 186032.000000, 1.000000, 2, 14.100092, 164778.129269, 164778.129269
Z3, 31, 6, 720, 8424.000000, 0.051008, 165150.564617, 165176.000000, 1.000000, 2, 14.100092, 160672.486112, 160672.486112
Z3, 32, 6, 720, 9328.000000, 0.051025, 182812.346889, 182896.000000, 1.000000, 2, 14.100092, 164204.842566, 164204.842566
Z3, 33, 6, 720, 8680.000000, 0.050947, 170373.132864, 173600.000000, 1.000000, 2, 14.100092, 161716.999761, 161716.999761
Z3, 34, 6, 720, 7160.000000, 0.050921, 140609.964455, 143200.000000, 1.000000, 2, 14.100092, 155764.366079, 155764.366079
Z3, 35, 6, 720, 10360.000000, 0.051030, 203017.832647, 203136.000000, 1.000000, 2, 14.100092, 168245.939718, 168245.939718
Z3, 36, 6, 720, 9048.000000, 0.051027, 177317.890529, 177408.000000, 1.000000, 2, 14.100092, 163105.951294, 163105.951294
Z3, 37, 6, 720, 7176.000000, 0.051017, 140658.996021, 140704.000000, 1.000000, 2, 14.100092, 155774.172392, 155774.172392
Z3, 38, 6, 720, 8768.000000, 0.051051, 171749.818809, 171920.000000, 1.000000, 2, 14.100092, 161992.336950, 161992.336950
Z1, 0, 7, 720, 7408.000000, 0.172013, 43066.512415, 43064.000000, 1.000000, 2, 16.922555, 145527.466804, 145527.466804
Z2, 0, 7, 720, 6624.000000, 0.171771, 38562.970466, 38736.000000, 1.000000, 2, 16.922555, 144626.758414, 144626.758414
Z2, 1, 7, 720, 6792.000000, 0.050988, 133207.813603, 135840.000000, 1.000000, 2, 16.922555, 163555.727042, 163555.727042
Z2, 2, 7, 720, 7464.000000, 0.050975, 146424.717999, 149280.000000, 1.000000, 2, 16.922555, 166199.107921, 166199.107921
Z2, 3, 7, 720, 10144.000000, 0.050981, 198976.089131, 202880.000000, 1.000000, 2, 16.922555, 176709.382147, 176709.382147
Z2, 4, 7, 720, 14352.000000, 0.051037, 281207.751239, 281408.000000, 1.000000, 2, 16.922555, 193155.714569, 193155.714569
Z2, 5, 7, 720, 15008.000000, 0.051089, 293761.866547, 294272.000000, 1.000000, 2, 16.922555, 195666.537630, 195666.537630
Z2, 6, 7, 720, 7168.000000, 0.051053, 140403.110493, 140544.000000, 1.000000, 2, 16.922555, 164994.786420, 164994.786420
Z2, 7, 7, 720, 8160.000000, 0.050991, 160028.240278, 163200.000000, 1.000000, 2, 16.922555, 168919.812377, 168919.812377
Z3, 0, 7, 720, 6656.000000, 0.171354, 38843.563617, 38920.000000, 1.000000, 2, 16.922555, 144682.877044, 144682.877044
Z3, 1, 7, 720, 7664.000000, 0.050990, 150303.981173, 153280.000000, 1.000000, 2, 16.922555, 166974.960556, 166974.960556
Z3, 2, 7, 720, 7664.000000, 0.050897, 150578.619565, 153280.000000, 1.000000, 2, 16.922555, 167029.888234, 167029.888234
Z3, 3, 7, 720, 6920.000000, 0.050960, 135792.778650, 138400.000000, 1.000000, 2, 16.922555, 164072.720051, 164072.720051
Z3, 4, 7, 720, 7504.000000, 0.051000, 147137.254902, 147136.000000, 1.000000, 2, 16.922555, 166341.615301, 166341.615301
Z3, 5, 7, 720, 7480.000000, 0.050946, 146822.125388, 149600.000000, 1.000000, 2, 16.922555, 166278.589399, 166278.589399
Z3, 6, 7, 720, 6728.000000, 0.051012, 131890.535560, 131920.000000, 1.000000, 2, 16.922555, 163292.271433, 163292.271433
Z3, 7, 7, 720, 7632.000000, 0.050964, 149752.766659, 152640.000000, 1.000000, 2, 16.922555, 166864.717653, 166864.717653
Z3, 8, 7, 720, 7392.000000, 0.051013, 144904.240096, 144936.000000, 1.000000, 2, 16.922555, 165895.012340, 165895.012340
Z3, 9, 7, 720, 12800.000000, 0.050974, 251108.408208, 256000.000000, 1.000000, 2, 16.922555, 187135.845963, 187135.845963
Z3, 10, 7, 720, 16760.000000, 0.051060, 328241.284763, 328624.000000, 1.000000, 2, 16.922555, 202562.421274, 202562.421274
Z3, 11, 7, 720, 14104.000000, 0.050965, 276738.938487, 282080.000000, 1.000000, 2, 16.922555, 192261.952019, 192261.952019
Z3, 12, 7, 720, 9704.000000, 0.051006, 190252.127201, 190272.000000, 1.000000, 2, 16.922555, 174964.589761, 174964.589761
Z3, 13, 7, 720, 17248.000000, 0.051026, 338023.752597, 338192.000000, 1.000000, 2, 16.922555, 204518.914840, 204518.914840
Z3, 14, 7, 720, 21552.000000, 0.051063, 422066.858586, 422584.000000, 1.000000, 2, 16.922555, 221327.536038, 221327.536038
Z3, 15, 7, 720, 16688.000000, 0.050964, 327446.825210, 333760.000000, 1.000000, 2, 16.922555, 202403.529363, 202403.529363
Z3, 16, 7, 720, 23312.000000, 0.051067, 456498.325729, 457096.000000, 1.000000, 2, 16.922555, 228213.829467, 228213.829467
Z3, 17, 7, 720, 14952.000000, 0.050994, 293210.965996, 299040.000000, 1.000000, 2, 16.922555, 195556.357520, 195556.357520
Z3, 18, 7, 720, 16856.000000, 0.050930, 330964.068329, 337120.000000, 1.000000, 2, 16.922555, 203106.977987, 203106.977987
Z3, 19, 7, 720, 23928.000000, 0.050941, 469719.872009, 478560.000000, 1.000000, 2, 16.922555, 230858.138723, 230858.138723
Z3, 20, 7, 720, 29544.000000, 0.051013, 579146.492071, 579288.000000, 1.000000, 2, 16.922555, 252743.462735, 252743.462735
Z3, 21, 7, 720, 31920.000000, 0.051052, 625244.848390, 625880.000000, 1.000000, 2, 16.922555, 261963.133999, 261963.133999
Z3, 22, 7, 720, 15096.000000, 0.050994, 296034.827627, 301920.000000, 1.000000, 2, 16.922555, 196121.129846, 196121.129846
Z3, 23, 7, 720, 22296.000000, 0.051093, 436380.717515, 437176.000000, 1.000000, 2, 16.922555, 224190.307824, 224190.307824
Z3, 24, 7, 720, 24272.000000, 0.051037, 475576.542508, 475920.000000, 1.000000, 2, 16.922555, 232029.472823, 232029.472823
Z3, 25, 7, 720, 13368.000000, 0.051052, 261850.662070, 262112.000000, 1.000000, 2, 16.922555, 189284.296735, 189284.296735
Z3, 26, 7, 720, 21768.000000, 0.051079, 426163.393958, 426816.000000, 1.000000, 2, 16.922555, 222146.843113, 222146.843113
Z3, 27, 7, 720, 21680.000000, 0.051010, 425014.702999, 425096.000000, 1.000000, 2, 16.922555, 221917.104921, 221917.104921
Z3, 28, 7, 720, 9672.000000, 0.051014, 189595.013134, 189640.000000, 1.000000, 2, 16.922555, 174833.166948, 174833.166948
Z3, 29, 7, 720, 13368.000000, 0.050917, 262544.926056, 267360.000000, 1.000000, 2, 16.922555, 189423.149532, 189423.149532
Z3, 30, 7, 720, 13424.000000, 0.050996, 263236.332261, 268480.000000, 1.000000, 2, 16.922555, 189561.430773, 189561.430773
Z3, 31, 7, 720, 8064.000000, 0.050944, 158291.457286, 161280.000000, 1.000000, 2, 16.922555, 168572.455778, 168572.455778
Z3, 32, 7, 720, 9424.000000, 0.051055, 184585.251200, 184784.000000, 1.000000, 2, 16.922555, 173831.214561, 173831.214561
Z3, 33, 7, 720, 7368.000000, 0.050896, 144765.796919, 147360.000000, 1.000000, 2, 16.922555, 165867.323705, 165867.323705
Z3, 34, 7, 720, 8792.000000, 0.050943, 172585.046032, 175840.000000, 1.000000, 2, 16.922555, 171431.173527, 171431.173527
Z3, 35, 7, 720, 8568.000000, 0.051015, 167950.602764, 168000.000000, 1.000000, 2, 16.922555, 170504.284874, 170504.284874
Z3, 36, 7, 720, 7064.000000, 0.051021, 138452.793948, 138504.000000, 1.000000, 2, 16.922555, 164604.723111, 164604.723111
Z3, 37, 7, 720, 10104.000000, 0.051057, 197896.468653, 198112.000000, 1.000000, 2, 16.922555, 176493.458052, 176493.458052
Z3, 38, 7, 720, 8640.000000, 0.051081, 169143.125624, 169408.000000, 1.000000, 2, 16.922555, 170742.789446, 170742.789446
Z1, 0, 8, 720, 7744.000000, 0.171476, 45160.838835, 45280.000000, 1.000000, 2, 19.740203, 154644.892575, 154644.892575
Z2, 0, 8, 720, 6624.000000, 0.173329, 38216.340024, 38288.000000, 1.000000, 2, 19.740203, 153255.992812, 153255.992812
Z2, 1, 8, 720, 6968.000000, 0.050904, 136885.117083, 139360.000000, 1.000000, 2, 19.740203, 172989.748224, 172989.748224
Z2, 2, 8, 720, 7968.000000, 0.050953, 156379.408474, 159360.000000, 1.000000, 2, 19.740203, 176888.606503, 176888.606503
Z2, 3, 8, 720, 12752.000000, 0.051005, 250014.704441, 250032.000000, 1.000000, 2, 19.740203, 195615.665696, 195615.665696
Z2, 4, 8, 720, 18720.000000, 0.050996, 367087.614715, 374400.000000, 1.000000, 2, 19.740203, 219030.247751, 219030.247751
Z2, 5, 8, 720, 25648.000000, 0.051060, 502311.006659, 502896.000000, 1.000000, 2, 19.740203, 246074.926139, 246074.926139
Z2, 6, 8, 720, 9784.000000, 0.050920, 192144.540456, 195680.000000, 1.000000, 2, 19.740203, 184041.632899, 184041.632899
Z2, 7, 8, 720, 13192.000000, 0.050865, 259353.189816, 263840.000000, 1.000000, 2, 19.740203, 197483.362771, 197483.362771
Z3, 0, 8, 720, 6768.000000, 0.173855, 38928.992551, 39120.000000, 1.000000, 2, 19.740203, 153398.523318, 153398.523318
Z3, 1, 8, 720, 8032.000000, 0.051029, 157400.693723, 157488.000000, 1.000000, 2, 19.740203, 177092.863552, 177092.863552
Z3, 2, 8, 720, 7872.000000, 0.051037, 154241.040814, 154352.000000, 1.000000, 2, 19.740203, 176460.932970, 176460.932970
Z3, 3, 8, 720, 7024.000000, 0.050947, 137868.765580, 140480.000000, 1.000000, 2, 19.740203, 173186.477924, 173186.477924
Z3, 4, 8, 720, 7816.000000, 0.050928, 153471.567703, 156320.000000, 1.000000, 2, 19.740203, 176307.038348, 176307.038348
Z3, 5, 8, 720, 7936.000000, 0.050939, 155794.185202, 158720.000000, 1.000000, 2, 19.740203, 176771.561848, 176771.561848
Z3, 6, 8, 720, 6928.000000, 0.050878, 136168.874563, 138560.000000, 1.000000, 2, 19.740203, 172846.499720, 172846.499720
Z3, 7, 8, 720, 8048.000000, 0.050958, 157933.984850, 160960.000000, 1.000000, 2, 19.740203, 177199.521778, 177199.521778
Z3, 8, 8, 720, 7664.000000, 0.050962, 150386.562537, 153280.000000, 1.000000, 2, 19.740203, 175690.037315, 175690.037315
Z3, 9, 8, 720, 14248.000000, 0.050986, 279449.260581, 284960.000000, 1.000000, 2, 19.740203, 201502.576924, 201502.576924
Z3, 10, 8, 720, 19448.000000, 0.051052, 380944.918906, 381328.000000, 1.000000, 2, 19.740203, 221801.708589, 221801.708589
Z3, 11, 8, 720, 17344.000000, 0.051025, 339911.807937, 340072.000000, 1.000000, 2, 19.740203, 213595.086395, 213595.086395
Z3, 12, 8, 720, 11952.000000, 0.051008, 234316.185696, 234352.000000, 1.000000, 2, 19.740203, 192475.961947, 192475.961947
Z3, 13, 8, 720, 25224.000000, 0.051061, 493997.375688, 494584.000000, 1.000000, 2, 19.740203, 244412.199945, 244412.199945
Z3, 14, 8, 720, 35992.000000, 0.051068, 704785.775828, 705720.000000, 1.000000, 2, 19.740203, 286569.879973, 286569.879973
Z3, 15, 8, 720, 20016.000000, 0.050952, 392840.320301, 400320.000000, 1.000000, 2, 19.740203, 224180.788868, 224180.788868
Z3, 16, 8, 720, 36432.000000, 0.051132, 712508.800751, 714352.000000, 1.000000, 2, 19.740203, 288114.484958, 288114.484958
Z3, 17, 8, 720, 22472.000000, 0.050960, 440973.312402, 449440.000000, 1.000000, 2, 19.740203, 233807.387288, 233807.387288
Z3, 18, 8, 720, 21736.000000, 0.051008, 426129.234630, 426192.000000, 1.000000, 2, 19.740203, 230838.571734, 230838.571734
Z3, 19, 8, 720, 16848.000000, 0.051003, 330333.509794, 330352.000000, 1.000000, 2, 19.740203, 211679.426766, 211679.426766
Z3, 20, 8, 720, 47160.000000, 0.051138, 922210.489264, 924704.000000, 1.000000, 2, 19.740203, 330054.822661, 330054.822661
Z3, 21, 8, 720, 39472.000000, 0.051052, 773172.451618, 773960.000000, 1.000000, 2, 19.740203, 300247.215131, 300247.215131
Z3, 22, 8, 720, 26968.000000, 0.051020, 528577.028616, 528784.000000, 1.000000, 2, 19.740203, 251328.130531, 251328.130531
Z3, 23, 8, 720, 39776.000000, 0.051094, 778486.710768, 779920.000000, 1.000000, 2, 19.740203, 301310.066961, 301310.066961
Z3, 24, 8, 720, 34992.000000, 0.051071, 685163.791584, 686112.000000, 1.000000, 2, 19.740203, 282645.483125, 282645.483125
Z3, 25, 8, 720, 22464.000000, 0.051023, 440272.034181, 440464.000000, 1.000000, 2, 19.740203, 233667.131644, 233667.131644
Z3, 26, 8, 720, 43144.000000, 0.051173, 843100.853966, 845960.000000, 1.000000, 2, 19.740203, 314232.895601, 314232.895601
Z3, 27, 8, 720, 43672.000000, 0.051129, 854153.220286, 856312.000000, 1.000000, 2, 19.740203, 316443.368865, 316443.368865
Z3, 28, 8, 720, 18320.000000, 0.050989, 359293.180882, 366400.000000, 1.000000, 2, 19.740203, 217471.360984, 217471.360984
Z3, 29, 8, 720, 24560.000000, 0.051108, 480550.990060, 481568.000000, 1.000000, 2, 19.740203, 241722.922820, 241722.922820
Z3, 30, 8, 720, 19040.000000, 0.051019, 373194.300163, 373328.000000, 1.000000, 2, 19.740203, 220251.584840, 220251.584840
Z3, 31, 8, 720, 20160.000000, 0.051003, 395270.866420, 395288.000000, 1.000000, 2, 19.740203, 224666.898092, 224666.898092
Z3, 32, 8, 720, 16496.000000, 0.050965, 323673.108996, 329920.000000, 1.000000, 2, 19.740203, 210347.346607, 210347.346607
Z3, 33, 8, 720, 11624.000000, 0.050998, 227930.507079, 232480.000000, 1.000000, 2, 19.740203, 191198.826223, 191198.826223
Z3, 34, 8, 720, 21024.000000, 0.050967, 412502.207311, 420480.000000, 1.000000, 2, 19.740203, 228113.166270, 228113.166270
Z3, 35, 8, 720, 28496.000000, 0.051003, 558712.232614, 558744.000000, 1.000000, 2, 19.740203, 257355.171330, 257355.171330
Z3, 36, 8, 720, 12416.000000, 0.050980, 243546.488819, 248320.000000, 1.000000, 2, 19.740203, 194322.022572, 194322.022572
Z3, 37, 8, 720, 17312.000000, 0.051066, 339012.258646, 339448.000000, 1.000000, 2, 19.740203, 213415.176537, 213415.176537
Z3, 38, 8, 720, 14664.000000, 0.051011, 287467.408990, 287528.000000, 1.000000, 2, 19.740203, 203106.206606, 203106.206606
Z1, 0, 9, 720, 7696.000000, 0.167432, 45964.929046, 46080.000000, 1.000000, 2, 22.561330, 185322.137829, 185322.137829
Z2, 0, 9, 720, 6624.000000, 0.173319, 38218.544995, 38288.000000, 1.000000, 2, 22.561330, 183772.861019, 183772.861019
Z2, 1, 9, 720, 6776.000000, 0.050921, 133068.871389, 135520.000000, 1.000000, 2, 22.561330, 202742.926297, 202742.926297
Z2, 2, 9, 720, 7496.000000, 0.050950, 147124.631992, 149920.000000, 1.000000, 2, 22.561330, 205554.078418, 205554.078418
Z2, 3, 9, 720, 16056.000000, 0.050983, 314928.505580, 321120.000000, 1.000000, 2, 22.561330, 239114.853136, 239114.853136
Z2, 4, 9, 720, 24464.000000, 0.051031, 479394.877623, 479680.000000, 1.000000, 2, 22.561330, 272008.127544, 272008.127544
Z2, 5, 9, 720, 36648.000000, 0.051081, 717448.757855, 718584.000000, 1.000000, 2, 22.561330, 319618.903591, 319618.903591
Z2, 6, 9, 720, 11344.000000, 0.050966, 222579.759055, 226880.000000, 1.000000, 2, 22.561330, 220645.103831, 220645.103831
Z2, 7, 9, 720, 15808.000000, 0.050977, 310100.633619, 316160.000000, 1.000000, 2, 22.561330, 238149.278743, 238149.278743
Z3, 0, 9, 720, 6752.000000, 0.175184, 38542.332633, 38576.000000, 1.000000, 2, 22.561330, 183837.618546, 183837.618546
Z3, 1, 9, 720, 9824.000000, 0.051083, 192314.468610, 192624.000000, 1.000000, 2, 22.561330, 214592.045742, 214592.045742
Z3, 2, 9, 720, 8640.000000, 0.050982, 169471.578204, 172800.000000, 1.000000, 2, 22.561330, 210023.467660, 210023.467660
Z3, 3, 9, 720, 7248.000000, 0.051009, 142092.571899, 142112.000000, 1.000000, 2, 22.561330, 204547.666399, 204547.666399
Z3, 4, 9, 720, 8336.000000, 0.050957, 163588.908295, 166720.000000, 1.000000, 2, 22.561330, 208846.933679, 208846.933679
Z3, 5, 9, 720, 9640.000000, 0.050955, 189186.537141, 192800.000000, 1.000000, 2, 22.561330, 213966.459448, 213966.459448
Z3, 6, 9, 720, 10312.000000, 0.051056, 201974.302726, 202192.000000, 1.000000, 2, 22.561330, 216524.012565, 216524.012565
Z3, 7, 9, 720, 21208.000000, 0.051184, 414348.233823, 415840.000000, 1.000000, 2, 22.561330, 258998.798784, 258998.798784
Z3, 8, 9, 720, 8000.000000, 0.051062, 156672.280757, 156856.000000, 1.000000, 2, 22.561330, 207463.608171, 207463.608171
Z3, 9, 9, 720, 16880.000000, 0.050909, 331572.020664, 337600.000000, 1.000000, 2, 22.561330, 242443.556152, 242443.556152
Z3, 10, 9, 720, 23240.000000, 0.051053, 455213.209802, 455680.000000, 1.000000, 2, 22.561330, 267171.793980, 267171.793980
Z3, 11, 9, 720, 21680.000000, 0.051074, 424482.123977, 425096.000000, 1.000000, 2, 22.561330, 261025.576815, 261025.576815
Z3, 12, 9, 720, 16096.000000, 0.051069, 315181.421214, 315600.000000, 1.000000, 2, 22.561330, 239165.436262, 239165.436262
Z3, 13, 9, 720, 39872.000000, 0.051148, 779541.722061, 781800.000000, 1.000000, 2, 22.561330, 332037.496432, 332037.496432
Z3, 14, 9, 720, 46392.000000, 0.051250, 905209.756098, 909640.000000, 1.000000, 2, 22.561330, 357171.103239, 357171.103239
Z3, 15, 9, 720, 26168.000000, 0.051122, 511873.557373, 513096.000000, 1.000000, 2, 22.561330, 278503.863494, 278503.863494
Z3, 16, 9, 720, 48816.000000, 0.051276, 952024.338872, 957176.000000, 1.000000, 2, 22.561330, 366534.019794, 366534.019794
Z3, 17, 9, 720, 38664.000000, 0.051117, 756382.416808, 758112.000000, 1.000000, 2, 22.561330, 327405.635381, 327405.635381
Z3, 18, 9, 720, 26344.000000, 0.051050, 516043.095005, 516544.000000, 1.000000, 2, 22.561330, 279337.771021, 279337.771021
Z3, 19, 9, 720, 19912.000000, 0.051052, 390033.691138, 390424.000000, 1.000000, 2, 22.561330, 254135.890247, 254135.890247
Z3, 20, 9, 720, 61688.000000, 0.051318, 1202073.346584, 1209568.000000, 1.000000, 2, 22.561330, 416543.821336, 416543.821336
Z3, 21, 9, 720, 59200.000000, 0.051299, 1154018.596854, 1160784.000000, 1.000000, 2, 22.561330, 406932.871390, 406932.871390
Z3, 22, 9, 720, 41064.000000, 0.051123, 803239.246523, 805176.000000, 1.000000, 2, 22.561330, 336777.001324, 336777.001324
Z3, 23, 9, 720, 55576.000000, 0.051179, 1085914.144473, 1089720.000000, 1.000000, 2, 22.561330, 393311.980914, 393311.980914
Z3, 24, 9, 720, 50200.000000, 0.051217, 980143.311791, 984312.000000, 1.000000, 2, 22.561330, 372157.814378, 372157.814378
Z3, 25, 9, 720, 30056.000000, 0.051228, 586710.392754, 589328.000000, 1.000000, 2, 22.561330, 293471.230570, 293471.230570
Z3, 26, 9, 720, 59504.000000, 0.051140, 1163551.036371, 1166744.000000, 1.000000, 2, 22.561330, 408839.359294, 408839.359294
Z3, 27, 9, 720, 65232.000000, 0.051253, 1272745.010048, 1279056.000000, 1.000000, 2, 22.561330, 430678.154029, 430678.154029
Z3, 28, 9, 720, 23952.000000, 0.051010, 469554.989218, 469640.000000, 1.000000, 2, 22.561330, 270040.149863, 270040.149863
Z3, 29, 9, 720, 32816.000000, 0.051118, 641965.648108, 643448.000000, 1.000000, 2, 22.561330, 304522.281641, 304522.281641
Z3, 30, 9, 720, 8856.000000, 0.051132, 173198.779629, 173640.000000, 1.000000, 2, 22.561330, 210768.907945, 210768.907945
Z3, 31, 9, 720, 14088.000000, 0.051122, 275576.072924, 276232.000000, 1.000000, 2, 22.561330, 231244.366604, 231244.366604
Z3, 32, 9, 720, 15104.000000, 0.050939, 296511.513771, 302080.000000, 1.000000, 2, 22.561330, 235431.454774, 235431.454774
Z3, 33, 9, 720, 11784.000000, 0.050913, 231453.656237, 235680.000000, 1.000000, 2, 22.561330, 222419.883267, 222419.883267
Z3, 34, 9, 720, 18496.000000, 0.050923, 363215.050174, 369920.000000, 1.000000, 2, 22.561330, 248772.162054, 248772.162054
Z3, 35, 9, 720, 22376.000000, 0.050933, 439322.246873, 447520.000000, 1.000000, 2, 22.561330, 263993.601394, 263993.601394
Z3, 36, 9, 720, 8792.000000, 0.050976, 172473.320778, 175840.000000, 1.000000, 2, 22.561330, 210623.816175, 210623.816175
Z3, 37, 9, 720, 19464.000000, 0.051151, 380520.419933, 381640.000000, 1.000000, 2, 22.561330, 252233.236006, 252233.236006
Z3, 38, 9, 720, 20360.000000, 0.051123, 398255.188467, 399208.000000, 1.000000, 2, 22.561330, 255780.189713, 255780.189713
Z1, 0, 10, 720, 7480.000000, 0.171379, 43645.954288, 43736.000000, 1.000000, 2, 25.382875, 214052.299236, 214052.299236
Z2, 0, 10, 720, 6624.000000, 0.172032, 38504.464286, 38504.000000, 1.000000, 2, 25.382875, 213024.001235, 213024.001235
Z2, 1, 10, 720, 7008.000000, 0.050802, 137947.324908, 140160.000000, 1.000000, 2, 25.382875, 232912.573360, 232912.573360
Z2, 2, 10, 720, 7832.000000, 0.050881, 153927.792300, 156640.000000, 1.000000, 2, 25.382875, 236108.666838, 236108.666838
Z2, 3, 10, 720, 29728.000000, 0.051055, 582274.018216, 582896.000000, 1.000000, 2, 25.382875, 321777.912021, 321777.912021
Z2, 4, 10, 720, 35840.000000, 0.051093, 701465.954240, 702744.000000, 1.000000, 2, 25.382875, 345616.299226, 345616.299226
Z2, 5, 10, 720, 43888.000000, 0.051339, 854866.670562, 860544.000000, 1.000000, 2, 25.382875, 376296.442490, 376296.442490
Z2, 6, 10, 720, 17936.000000, 0.051024, 351520.852932, 351680.000000, 1.000000, 2, 25.382875, 275627.278964, 275627.278964
Z2, 7, 10, 720, 24920.000000, 0.051104, 487633.061991, 488624.000000, 1.000000, 2, 25.382875, 302849.720776, 302849.720776
Z3, 0, 10, 720, 6840.000000, 0.175205, 39039.981736, 39080.000000, 1.000000, 2, 25.382875, 213131.104725, 213131.104725
Z3, 1, 10, 720, 22064.000000, 0.050979, 432805.665078, 441280.000000, 1.000000, 2, 25.382875, 291884.241394, 291884.241394
Z3, 2, 10, 720, 15312.000000, 0.050935, 300618.435261, 306240.000000, 1.000000, 2, 25.382875, 265446.795430, 265446.795430
Z3, 3, 10, 720, 7752.000000, 0.050865, 152403.420820, 155040.000000, 1.000000, 2, 25.382875, 235803.792542, 235803.792542
Z3, 4, 10, 720, 11432.000000, 0.050924, 224491.398947, 228640.000000, 1.000000, 2, 25.382875, 250221.388167, 250221.388167
Z3, 5, 10, 720, 17232.000000, 0.050963, 338127.661244, 344640.000000, 1.000000, 2, 25.382875, 272948.640627, 272948.640627
Z3, 6, 10, 720, 23328.000000, 0.050920, 458130.400628, 466560.000000, 1.000000, 2, 25.382875, 296949.188504, 296949.188504
Z3, 7, 10, 720, 18496.000000, 0.050920, 363236.449332, 369920.000000, 1.000000, 2, 25.382875, 277970.398244, 277970.398244
Z3, 8, 10, 720, 7968.000000, 0.050913, 156502.268576, 159360.000000, 1.000000, 2, 25.382875, 236623.562093, 236623.562093
Z3, 9, 10, 720, 19568.000000, 0.050880, 384591.194969, 391360.000000, 1.000000, 2, 25.382875, 282241.347372, 282241.347372
Z3, 10, 10, 720, 36064.000000, 0.050983, 707373.045917, 721280.000000, 1.000000, 2, 25.382875, 346797.717561, 346797.717561
Z3, 11, 10, 720, 29248.000000, 0.050943, 574131.872878, 584960.000000, 1.000000, 2, 25.382875, 320149.482953, 320149.482953
Z3, 12, 10, 720, 24216.000000, 0.050858, 476149.278383, 484320.000000, 1.000000, 2, 25.382875, 300552.964055, 300552.964055
Z3, 13, 10, 720, 54424.000000, 0.051090, 1065257.388922, 1067136.000000, 1.000000, 2, 25.382875, 418374.586162, 418374.586162
Z3, 14, 10, 720, 56832.000000, 0.051060, 1113043.478261, 1114352.000000, 1.000000, 2, 25.382875, 427931.804030, 427931.804030
Z3, 15, 10, 720, 29576.000000, 0.050949, 580502.070698, 591520.000000, 1.000000, 2, 25.382875, 321423.522518, 321423.522518
Z3, 16, 10, 720, 52328.000000, 0.050962, 1026804.285546, 1046560.000000, 1.000000, 2, 25.382875, 410683.965487, 410683.965487
Z3, 17, 10, 720, 52840.000000, 0.051023, 1035611.390941, 1036072.000000, 1.000000, 2, 25.382875, 412445.386566, 412445.386566
Z3, 18, 10, 720, 35136.000000, 0.050936, 689806.816397, 702720.000000, 1.000000, 2, 25.382875, 343284.471657, 343284.471657
Z3, 19, 10, 720, 23160.000000, 0.050922, 454813.243785, 463200.000000, 1.000000, 2, 25.382875, 296285.757135, 296285.757135
Z3, 20, 10, 720, 77048.000000, 0.051200, 1504843.750000, 1510744.000000, 1.000000, 2, 25.382875, 506291.858378, 506291.858378
Z3, 21, 10, 720, 68968.000000, 0.051115, 1349271.251100, 1352312.000000, 1.000000, 2, 25.382875, 475177.358598, 475177.358598
Z3, 22, 10, 720, 52224.000000, 0.051047, 1023057.182596, 1024000.000000, 1.000000, 2, 25.382875, 409934.544897, 409934.544897
Z3, 23, 10, 720, 76384.000000, 0.051102, 1494736.018160, 1497720.000000, 1.000000, 2, 25.382875, 504270.312010, 504270.312010
Z3, 24, 10, 720, 57512.000000, 0.051086, 1125787.887092, 1127680.000000, 1.000000, 2, 25.382875, 430480.685796, 430480.685796
Z3, 25, 10, 720, 35600.000000, 0.050932, 698971.177256, 712000.000000, 1.000000, 2, 25.382875, 345117.343829, 345117.343829
Z3, 26, 10, 720, 72816.000000, 0.051107, 1424775.471070, 1427760.000000, 1.000000, 2, 25.382875, 490278.202592, 490278.202592
Z3, 27, 10, 720, 93600.000000, 0.051248, 1826412.738058, 1835288.000000, 1.000000, 2, 25.382875, 570605.655990, 570605.655990
Z3, 28, 10, 720, 23040.000000, 0.050934, 452350.100130, 460800.000000, 1.000000, 2, 25.382875, 295793.128404, 295793.128404
Z3, 29, 10, 720, 35840.000000, 0.050992, 702855.349859, 716800.000000, 1.000000, 2, 25.382875, 345894.178350, 345894.178350
Z3, 30, 10, 720, 13072.000000, 0.050996, 256333.830104, 261440.000000, 1.000000, 2, 25.382875, 256589.874399, 256589.874399
Z3, 31, 10, 720, 20608.000000, 0.050894, 404920.029866, 412160.000000, 1.000000, 2, 25.382875, 286307.114351, 286307.114351
Z3, 32, 10, 720, 22584.000000, 0.050927, 443458.283425, 451680.000000, 1.000000, 2, 25.382875, 294014.765063, 294014.765063
Z3, 33, 10, 720, 14712.000000, 0.050877, 289167.993396, 294240.000000, 1.000000, 2, 25.382875, 263156.707057, 263156.707057
Z3, 34, 10, 720, 20512.000000, 0.050900, 402986.247544, 410240.000000, 1.000000, 2, 25.382875, 285920.357887, 285920.357887
Z3, 35, 10, 720, 17992.000000, 0.050830, 353964.194373, 359840.000000, 1.000000, 2, 25.382875, 276115.947253, 276115.947253
Z3, 36, 10, 720, 11464.000000, 0.050855, 225425.228591, 229280.000000, 1.000000, 2, 25.382875, 250408.154096, 250408.154096
Z3, 37, 10, 720, 22376.000000, 0.051005, 438702.088031, 438744.000000, 1.000000, 2, 25.382875, 293063.525984, 293063.525984
Z3, 38, 10, 720, 29088.000000, 0.051014, 570196.416670, 570352.000000, 1.000000, 2, 25.382875, 319362.391712, 319362.391712
Z1, 0, 11, 720, 36680.000000, 0.169638, 216225.138236, 217040.000000, 1.000000, 2, 28.202884, 328257.455597, 328257.455597
Z2, 0, 11, 720, 6624.000000, 0.171989, 38514.091017, 38736.000000, 1.000000, 2, 28.202884, 292715.246154, 292715.246154
Z2, 1, 11, 720, 8224.000000, 0.050959, 161384.642556, 164480.000000, 1.000000, 2, 28.202884, 317289.356461, 317289.356461
Z2, 2, 11, 720, 8720.000000, 0.051013, 170936.820026, 170976.000000, 1.000000, 2, 28.202884, 319199.791955, 319199.791955
Z2, 3, 11, 720, 10080.000000, 0.051016, 197585.071350, 197640.000000, 1.000000, 2, 28.202884, 324529.442220, 324529.442220
Z2, 4, 11, 720, 36112.000000, 0.050994, 708161.744519, 722240.000000, 1.000000, 2, 28.202884, 426644.776854, 426644.776854
Z2, 5, 11, 720, 39392.000000, 0.051174, 769765.896744, 772392.000000, 1.000000, 2, 28.202884, 438965.607299, 438965.607299
Z2, 6, 11, 720, 43216.000000, 0.051184, 844326.351985, 847368.000000, 1.000000, 2, 28.202884, 453877.698347, 453877.698347
Z2, 7, 11, 720, 41864.000000, 0.051107, 819144.148551, 820856.000000, 1.000000, 2, 28.202884, 448841.257660, 448841.257660
Z3, 0, 11, 720, 11320.000000, 0.174505, 64869.201456, 65056.000000, 1.000000, 2, 28.202884, 297986.268241, 297986.268241
Z3, 1, 11, 720, 16208.000000, 0.051000, 317803.921569, 317800.000000, 1.000000, 2, 28.202884, 348573.212264, 348573.212264
Z3, 2, 11, 720, 12920.000000, 0.051047, 253100.084236, 253328.000000, 1.000000, 2, 28.202884, 335632.444797, 335632.444797
Z3, 3, 11, 720, 8968.000000, 0.050992, 175870.724820, 179360.000000, 1.000000, 2, 28.202884, 320186.572914, 320186.572914
Z3, 4, 11, 720, 12016.000000, 0.051001, 235603.223466, 235600.000000, 1.000000, 2, 28.202884, 332133.072643, 332133.072643
Z3, 5, 11, 720, 21880.000000, 0.050973, 429246.856179, 437600.000000, 1.000000, 2, 28.202884, 370861.799186, 370861.799186
Z3, 6, 11, 720, 13408.000000, 0.050848, 263687.853996, 268160.000000, 1.000000, 2, 28.202884, 337749.998749, 337749.998749
Z3, 7, 11, 720, 14528.000000, 0.050961, 285080.748023, 290560.000000, 1.000000, 2, 28.202884, 342028.577555, 342028.577555
Z3, 8, 11, 720, 15928.000000, 0.050896, 312951.901918, 318560.000000, 1.000000, 2, 28.202884, 347602.808334, 347602.808334
Z3, 9, 11, 720, 23504.000000, 0.050900, 461768.172888, 470080.000000, 1.000000, 2, 28.202884, 377366.062528, 377366.062528
Z3, 10, 11, 720, 50640.000000, 0.051070, 991580.184061, 992936.000000, 1.000000, 2, 28.202884, 483328.464762, 483328.464762
Z3, 11, 11, 720, 47296.000000, 0.051076, 925992.638421, 927368.000000, 1.000000, 2, 28.202884, 470210.955634, 470210.955634
Z3, 12, 11, 720, 34344.000000, 0.051027, 673055.441237, 673408.000000, 1.000000, 2, 28.202884, 419623.516198, 419623.516198
Z3, 13, 11, 720, 73648.000000, 0.051073, 1442014.371586, 1444072.000000, 1.000000, 2, 28.202884, 573415.302267, 573415.302267
Z3, 14, 11, 720, 59920.000000, 0.051096, 1172694.535776, 1174896.000000, 1.000000, 2, 28.202884, 519551.335105, 519551.335105
Z3, 15, 11, 720, 40664.000000, 0.050976, 797708.725675, 813280.000000, 1.000000, 2, 28.202884, 444554.173085, 444554.173085
Z3, 16, 11, 720, 56880.000000, 0.051101, 1113089.763410, 1115288.000000, 1.000000, 2, 28.202884, 507630.380632, 507630.380632
Z3, 17, 11, 720, 57216.000000, 0.051071, 1120322.688023, 1121880.000000, 1.000000, 2, 28.202884, 509076.965555, 509076.965555
Z3, 18, 11, 720, 28160.000000, 0.050889, 553361.237203, 563200.000000, 1.000000, 2, 28.202884, 395684.675391, 395684.675391
Z3, 19, 11, 720, 76696.000000, 0.051170, 1498846.980653, 1503840.000000, 1.000000, 2, 28.202884, 584781.824081, 584781.824081
Z3, 20, 11, 720, 80520.000000, 0.051226, 1571858.040839, 1578816.000000, 1.000000, 2, 28.202884, 599384.036118, 599384.036118
Z3, 21, 11, 720, 66560.000000, 0.051133, 1301703.400935, 1305096.000000, 1.000000, 2, 28.202884, 545353.108137, 545353.108137
Z3, 22, 11, 720, 77808.000000, 0.051077, 1523347.103393, 1525640.000000, 1.000000, 2, 28.202884, 589681.848629, 589681.848629
Z3, 23, 11, 720, 55056.000000, 0.051034, 1078810.204961, 1079528.000000, 1.000000, 2, 28.202884, 500774.468943, 500774.468943
Z3, 24, 11, 720, 36552.000000, 0.050899, 718128.057526, 731040.000000, 1.000000, 2, 28.202884, 428638.039455, 428638.039455
Z3, 25, 11, 720, 100304.000000, 0.051322, 1954405.518101, 1966744.000000, 1.000000, 2, 28.202884, 675893.531571, 675893.531571
Z3, 26, 11, 720, 133264.000000, 0.051640, 2580635.166538, 2613016.000000, 1.000000, 2, 28.202884, 801139.461258, 801139.461258
Z3, 27, 11, 720, 50760.000000, 0.051049, 994338.772552, 995288.000000, 1.000000, 2, 28.202884, 483880.182461, 483880.182461
Z3, 28, 11, 720, 14528.000000, 0.050935, 285226.268774, 290560.000000, 1.000000, 2, 28.202884, 342057.681705, 342057.681705
Z3, 29, 11, 720, 24392.000000, 0.051048, 477824.792352, 478272.000000, 1.000000, 2, 28.202884, 380577.386421, 380577.386421
Z3, 30, 11, 720, 22216.000000, 0.050971, 435855.682643, 444320.000000, 1.000000, 2, 28.202884, 372183.564479, 372183.564479
Z3, 31, 11, 720, 14368.000000, 0.050905, 282251.252333, 287360.000000, 1.000000, 2, 28.202884, 341462.678417, 341462.678417
Z3, 32, 11, 720, 21288.000000, 0.051033, 417141.849392, 417408.000000, 1.000000, 2, 28.202884, 368440.797829, 368440.797829
Z3, 33, 11, 720, 18544.000000, 0.050941, 364028.974696, 370880.000000, 1.000000, 2, 28.202884, 357818.222889, 357818.222889
Z3, 34, 11, 720, 12272.000000, 0.050962, 240806.875711, 245440.000000, 1.000000, 2, 28.202884, 333173.803093, 333173.803093
Z3, 35, 11, 720, 21736.000000, 0.051104, 425328.741390, 426192.000000, 1.000000, 2, 28.202884, 370078.176228, 370078.176228
Z3, 36, 11, 720, 22688.000000, 0.051054, 444392.212168, 444856.000000, 1.000000, 2, 28.202884, 373890.870384, 373890.870384
Z3, 37, 11, 720, 17768.000000, 0.051001, 348385.325778, 348392.000000, 1.000000, 2, 28.202884, 354689.493106, 354689.493106
Z3, 38, 11, 720, 33352.000000, 0.051049, 653333.072146, 653960.000000, 1.000000, 2, 28.202884, 415679.042380, 415679.042380
Z1, 0, 12, 4K, 11144.000000, 0.171160, 65108.670250, 65168.000000, 1.000000, 2, 31.023059, 394872.151305, 394872.151305
Z2, 0, 12, 1080, 6624.000000, 0.174130, 38040.544421, 38064.000000, 1.000000, 2, 31.023059, 389458.526139, 389458.526139
Z2, 1, 12, 1080, 8352.000000, 0.050946, 163938.287599, 167040.000000, 1.000000, 2, 31.023059, 414638.074774, 414638.074774
Z2, 2, 12, 1080, 8680.000000, 0.050908, 170503.653650, 173600.000000, 1.000000, 2, 31.023059, 415951.147985, 415951.147985
Z2, 3, 12, 1080, 33456.000000, 0.051096, 654767.496477, 656000.000000, 1.000000, 2, 31.023059, 512803.916550, 512803.916550
Z2, 4, 12, 1080, 13120.000000, 0.050955, 257482.092042, 262400.000000, 1.000000, 2, 31.023059, 433346.835663, 433346.835663
Z2, 5, 12, 1080, 110384.000000, 0.101873, 1083545.198433, 1092904.000000, 1.000000, 2, 31.023059, 598559.456941, 598559.456941
Z2, 6, 12, 1080, 52208.000000, 0.051113, 1021423.121319, 1023680.000000, 1.000000, 2, 31.023059, 586135.041519, 586135.041519
Z2, 7, 12, 1080, 36216.000000, 0.051075, 709074.889868, 710112.000000, 1.000000, 2, 31.023059, 523665.395228, 523665.395228
Z3, 0, 12, 720, 7896.000000, 0.172140, 45869.640990, 45904.000000, 1.000000, 2, 31.023059, 391024.345453, 391024.345453
Z3, 1, 12, 720, 10520.000000, 0.050982, 206347.338276, 210400.000000, 1.000000, 2, 31.023059, 423119.884910, 423119.884910
Z3, 2, 12, 720, 20088.000000, 0.051036, 393604.514460, 393880.000000, 1.000000, 2, 31.023059, 460571.320147, 460571.320147
Z3, 3, 12, 720, 10320.000000, 0.051078, 202043.932809, 202352.000000, 1.000000, 2, 31.023059, 422259.203816, 422259.203816
Z3, 4, 12, 720, 12664.000000, 0.051017, 248230.981830, 248312.000000, 1.000000, 2, 31.023059, 431496.613621, 431496.613621
Z3, 5, 12, 720, 15440.000000, 0.051105, 302123.079933, 302744.000000, 1.000000, 2, 31.023059, 442275.033241, 442275.033241
Z3, 6, 12, 720, 7712.000000, 0.050927, 151432.442516, 154240.000000, 1.000000, 2, 31.023059, 412136.905758, 412136.905758
Z3, 7, 12, 720, 10120.000000, 0.050975, 198528.690535, 202400.000000, 1.000000, 2, 31.023059, 421556.155362, 421556.155362
Z3, 8, 12, 720, 7576.000000, 0.050876, 148911.077915, 151520.000000, 1.000000, 2, 31.023059, 411632.632838, 411632.632838
Z3, 9, 12, 720, 24720.000000, 0.051070, 484041.511651, 484704.000000, 1.000000, 2, 31.023059, 478658.719585, 478658.719585
Z3, 10, 12, 720, 60536.000000, 0.051215, 1181997.461681, 1186976.000000, 1.000000, 2, 31.023059, 618249.909591, 618249.909591
Z3, 11, 12, 720, 65616.000000, 0.051261, 1280037.455375, 1286584.000000, 1.000000, 2, 31.023059, 637857.908330, 637857.908330
Z3, 12, 12, 720, 38936.000000, 0.051072, 762374.686717, 763448.000000, 1.000000, 2, 31.023059, 534325.354598, 534325.354598
Z3, 13, 12, 720, 87896.000000, 0.051387, 1710471.520034, 1723448.000000, 1.000000, 2, 31.023059, 723944.721262, 723944.721262
Z3, 14, 12, 720, 78296.000000, 0.051303, 1526148.568310, 1535208.000000, 1.000000, 2, 31.023059, 687080.130917, 687080.130917
Z3, 15, 12, 720, 45720.000000, 0.051093, 894838.823322, 896464.000000, 1.000000, 2, 31.023059, 560818.181919, 560818.181919
Z3, 16, 12, 720, 82616.000000, 0.051295, 1610605.322156, 1619920.000000, 1.000000, 2, 31.023059, 703971.481686, 703971.481686
Z3, 17, 12, 720, 109704.000000, 0.051298, 2138562.906936, 2151056.000000, 1.000000, 2, 31.023059, 809562.998642, 809562.998642
Z3, 18, 12, 720, 36544.000000, 0.051027, 716169.870853, 716544.000000, 1.000000, 2, 31.023059, 525084.391425, 525084.391425
Z3, 19, 12, 720, 28840.000000, 0.051008, 565401.505646, 565488.000000, 1.000000, 2, 31.023059, 494930.718384, 494930.718384
Z3, 20, 12, 720, 75104.000000, 0.051202, 1466817.702433, 1472624.000000, 1.000000, 2, 31.023059, 675213.957741, 675213.957741
Z3, 21, 12, 720, 96504.000000, 0.051352, 1879264.682972, 1892232.000000, 1.000000, 2, 31.023059, 757703.353849, 757703.353849
Z3, 22, 12, 720, 42960.000000, 0.051098, 840737.406552, 842352.000000, 1.000000, 2, 31.023059, 549997.898565, 549997.898565
Z3, 23, 12, 720, 68064.000000, 0.051193, 1329556.775340, 1334584.000000, 1.000000, 2, 31.023059, 647761.772323, 647761.772323
Z3, 24, 12, 720, 50352.000000, 0.051118, 985015.063187, 987288.000000, 1.000000, 2, 31.023059, 578853.429892, 578853.429892
Z3, 25, 12, 720, 31856.000000, 0.050986, 624798.964422, 637120.000000, 1.000000, 2, 31.023059, 506810.210139, 506810.210139
Z3, 26, 12, 720, 130312.000000, 0.051454, 2532592.218292, 2555136.000000, 1.000000, 2, 31.023059, 888368.860913, 888368.860913
Z3, 27, 12, 720, 138080.000000, 0.051728, 2669347.355397, 2707448.000000, 1.000000, 2, 31.023059, 915719.888334, 915719.888334
Z3, 28, 12, 720, 62000.000000, 0.051228, 1210275.630515, 1215680.000000, 1.000000, 2, 31.023059, 623905.543358, 623905.543358
Z3, 29, 12, 720, 77544.000000, 0.051332, 1510636.639913, 1520464.000000, 1.000000, 2, 31.023059, 683977.745237, 683977.745237
Z3, 30, 12, 720, 14080.000000, 0.051066, 275721.615165, 276072.000000, 1.000000, 2, 31.023059, 436994.740288, 436994.740288
Z3, 31, 12, 720, 21056.000000, 0.051098, 412070.922541, 412856.000000, 1.000000, 2, 31.023059, 464264.601763, 464264.601763
Z3, 32, 12, 720, 21064.000000, 0.051064, 412501.958327, 413016.000000, 1.000000, 2, 31.023059, 464350.808920, 464350.808920
Z3, 33, 12, 720, 16432.000000, 0.051069, 321760.755057, 322192.000000, 1.000000, 2, 31.023059, 446202.568266, 446202.568266
Z3, 34, 12, 720, 26024.000000, 0.051114, 509136.440114, 510272.000000, 1.000000, 2, 31.023059, 483677.705278, 483677.705278
Z3, 35, 12, 720, 25696.000000, 0.051107, 502788.267752, 503840.000000, 1.000000, 2, 31.023059, 482408.070805, 482408.070805
Z3, 36, 12, 720, 13400.000000, 0.050987, 262812.089356, 268000.000000, 1.000000, 2, 31.023059, 434412.835126, 434412.835126
Z3, 37, 12, 720, 31112.000000, 0.051090, 608964.572323, 610032.000000, 1.000000, 2, 31.023059, 503643.331719, 503643.331719
Z3, 38, 12, 720, 34872.000000, 0.051131, 682012.868905, 683760.000000, 1.000000, 2, 31.023059, 518252.991036, 518252.991036
